id,target_name
1,踊場縞鋼板
2,蝶番
3,バッテリー
4,ヒーターパイプ
6,観音扉
7,内張り
8,レギュレター
9,ラッチ
10,サッシュ
11,アウターハンドル
12,ガラスアウターカバー
13,サニーホース
14,ボルト
15,コボレーンシャフト
16,ウィングシート
17,ステー
18,リブ
19,フラットバー
20,反射板ステー
21,リベット
22,マフラーカバー
23,サイドガード
24,パイプ
25,ウィングキャッチ
26,アンダーミラー
27,サイドガードステー
28,サイドガード
29,タイコマフラー
30,イコライザーロックピン
31,ミラー
32,ドア
33,プレート
34,ウェザーストリップゴム
35,バンパー
36,セイコーラックアーム
37,蝶番ピン
38,キャッチ
39,横根太
40,床板
41,フェンダー
42,戸当たりゴム
43,ナンバーボルト
44,フロントリッド
45,ウィング
46,ステンウィングキャッチ
47,マフラー
48,ジャバラパイプ
49,キャスターストッパー
50,キャッチシャフト
51,木材
52,ボルト一式
53,踊場枠
54,燃料タンク
55,ドア蝶番ボルト
56,シート
57,エアーホース
58,アウトリガー
59,アウトリガーブラケット
60,アウトリガー 取付部
61,フレーム
62,マーカーランプステー
63,バンド
64,ブラケット
65,アルミ縞板
66,フェンダーブラケット
67,テールランプ
68,タイヤハウスカバー
69,アッパーステップ
70,コンデンサーステー
71,インナーパネル
72,サイドガードマフラーカバー
73,スケット
74,テールランプカバー
75,セイコーラック
76,サイドガードマフラーパイプガード
77,ドアキャッチ
78,フロントバンパー
79,カバー
80,ヘッドライト
81,コーナーパネル
82,ファーストステップカバー
83,コーナーバンパー
84,バンパーフィニッシャー
85,フォグランプ
86,骨ボルト
87,アンダーカバー
88,ランディングパット
89,ドライブシャフト
90,ドライバーシートassy
91,リクライニングシート
92,シートブラケット
93,幌骨差込口
94,ドアーキャッチ
96,煽りドアーキャッチ
97,反射板
98,ドアスケット
99,ドアースイッチ
100,ガラス
101,キャブキャッチレバーブラケット
102,アッパーフェンダー
103,パネル
104,ハンドルグリップ
105,ステップ
106,バンパー
107,ハンドルシャフト
108,板ステンレス
109,板ブッシュゴム
110,泥除けゴム
111,ミリボルト
112,コンテナロックレバー
113,ステン泥除け枠
114,UDマーク
115,テールパイプ
116,サブフレームブラケット
117,集合管
118,踊場
119,ブッシュゴム
120,シャフト
121,バンパーカバー
122,ウイングスイッチ
123,バンパーステーボルト
124,バックランプ
125,柱パイプ
126,テープ
127,フロントバンパーグリル
128,フェンダーブラケット
129,ゲート
130,スタッドボルト
131,フロントグリル
132,フロントスプリングバンドカット
133,タップボルト
134,ボード
135,メッキミラー
136,ドアパネル
137,ステップカバー
138,メッキコーナーバンパー
139,ブレーキペダル
140,ピラー
141,スカッフプレート
142,フロアーマット
143,ドライバーシート
144,サイド内張
145,グリップ
146,リーンホースメントパネル
147,キャブ
148,梯子
149,ピーラーヒンジ
150,ドアバイザー
151,ステンテールランプブラケット
152,シャフトカバー
153,モーター
154,枠骨
155,ゲートヒンジ
156,踊場フレーム
157,マーカーランプ
158,エキゾーストパイプ
159,ボデーリアカーテン
160,ガゼットボルト
161,ナンバーボルト
162,ステップバンパーボルト
163,シートギヤハンドル
164,マットガード
165,ジャバラパイプガード
166,コーナーカバー
167,カプラーガイドブラケット
168,フェンダーブラケット
169,フェンダー
170,アーチゴム
171,消火器
172,フィニッシャーステー
173,コボレーン枠
174,ジャバラパイプステー
175,スケットアームピン
176,ツイストロックリターンスプリング
177,工具箱押さえ
178,踊場脱着
179,サイドガードステー
180,縞鋼板
181,パイプメートル
182,カーテンレール
183,アングル
184,タカラポストキャッチ
185,スケットスプリング
186,サイドアンダーミラー
187,タンクバンド
188,スケットアーム
189,リーフスプリングバンド
190,オイルパン
191,アーム
192,鋼板
193,メッキパーツ
194,ガード
195,ラッシングレール
196,ナンバープレート
197,マッドガード
198,サイドガードステン化粧板
200,リベット
201,メッキバンパー
202,モール
203,スカート
205,フラッシャーランプ
206,ドアフラッシャー
207,ファーストステップ
208,セカンドステップ
209,ステップウォール
210,タンクホースバンド
211,ファーストステップブラケット
212,ガーニッシュ
213,ステップランプ
214,ドアスイッチ
215,シートベルト
216,泥除け
217,下回り
218,センターフィニッシャー
219,フィニッシャー
220,インナーバンパー
221,フラッシャー
222,タンクキャップパッキン
223,塗料
224,錆止め
225,シンナー
226,硬化剤
227,フック
228,ドアスケットスプリング
229,アーチゴムスプリング
230,フェンダー
231,ウィング蝶番
232,リターンスプリング
233,レール
234,スイッチレバー
235,セイコーラックアームピン
236,エアーフィルターステー
237,ボルト
238,ジャンパーソケットコネクター
239,センタースロットルキャッチ
240,枠ストッパー
241,ストリップゴム
242,ウィングセンターシート
243,レールブラケットボルト
244,ドアステンキャッチ
245,テールランプブッシュボルト
246,ケーブルハンガーポール
247,ドアーストライカー
248,リフレクター
249,ウィングキャッチチェーンフック
250,ウィングドア
251,フェンダー
252,フェンダーカバー
253,マフラーセンサーボルト
254,ウィングドアストリップゴム
255,フロントインナーバンパー
256,ズック
257,メンバー
258,りん木入れ
259,ロープフック
260,コンテナロック
261,青塗料
262,アウトリガーハンドルロック
263,ステップバンパー
264,ノズル
266,バックカメラ
267,ナンバーブラケット
268,ナット
269,サブタンク
270,ステップバンパー
271,バンパーステー
272,床枠
273,押え
274,突っ張りステー
275,ステンガード
276,プラットホームゴム
277,補強材
278,バックランプステーブラケット
279,根太
280,踊場アルミ
281,コーナーリングランプ
282,ステンフェンダー
283,サイドガードピン
284,バックミラーステー
285,エアダムバンパー
286,メッキコーナーランプベゼル
287,フックブラケット
288,ステンボルト
289,板ステー
290,ステンブラケット
291,サイドブレーキ
292,蝶番ブラケット
293,支柱
294,ステンステー
295,ドア
296,ドアラッチ
297,ストライカー
298,インナーハンドル
299,コーナーランプ
300,アームプレート
301,ポール
302,センサー
303,燃料抜き入れ
304,中間ホース
305,タンクブラケットクッションゴム
306,ポンプユニット
307,ボルト焼き付き
308,ネジ山
309,プラットホーム縞板
310,焼き付きボルト
312,ターボチャージャースタッドボルト
313,プラットホーム縞板
314,ボルト折れ込み
315,ボルトASSY
316,丸形リフレクター1枚（込み）
317,ボデー
318,ガイドレール
319,ミリコ
320,ホース
321,サイドバンパー 折損部
322,ナンバー
323,コントロールロッド
324,ショックアブソーバー
325,ガスダンバー
326,ホースクランプ
327,穴掘り
329,オートグリスホース
330,自重計
331,竹箒入れ
332,コネクター
333,踊場縞鋼板
334,全面タップ掛け
335,フロントショックアブソーバー
336,ショックアブソーバー
337,ハンドル
338,アクスルボルトスタッド
339,燃料サブタンク
340,燃料抜き
341,シャックルブラケット
342,骨ナット
343,ステン枠
344,フェリーフック
345,踊場バッテリー
346,テールパイプマフラー
347,鉄板
348,蝶番ボルト
349,センターシート
350,サイドバンパー
351,サイドミラー付替え
352,ミラーステー
353,骨パイプ
354,ツイストロックハンドルストッパー
355,ロアフェンダー
356,サイドミラー
357,アンダーミラー
358,ミラーアーム
359,ウィングセンタービーム
360,センタースロットル
361,板リベット
362,ウォーターパイプ
363,踊場ボルト
364,スプラッシュシールゴム
365,メッキ
366,サイドインナーシールパネル
367,サイド
368,コーキング入替
369,ダンプ
370,ラテラルロッド
371,フロントグリルメッキカバー
372,板センターレール
373,ツイストロックストッパー
374,蝶番
375,サイドパネルメッキカバー
376,ゲートガイドブラケット
377,荷台部
378,アルミ板
379,車高灯
380,ステン
381,サイドガードステーパイプ
382,バックミラー
383,ツイストロック
384,床枠アングル
385,抑え
386,コーナーガード
387,ステーASSY
388,サイドガードコーナー
389,フロントフェンダーマッドガード
390,スプリングシート
391,コーナーパイプ
392,リフレクターステー
393,タイコマフラー
394,ウィング蝶番
395,ケーブルクランプ
396,テープパイプ
397,クランプ
398,吊りげハンガー
399,クッション
400,センタスロットルハンドル
401,タックス
402,ハブボルト
403,シャフトボルト
404,回転灯
405,ナンバープレートボルト
407,ヒンジ
408,ストッパー
409,ピーラー
410,バックランプステー
411,ステンボードアングルステンステー
412,スプリングシートブラケット
413,特殊工具製作
414,ジャンパーホース
415,シャーシ
416,ステンブレ
417,アドブルーキャップ
418,ナンバーブラケット
419,ベニヤ板
420,タップ
421,フェンダーカット
422,ステー
423,タンク
424,メンバーステンカバー
425,スタンション
426,マーカーレンズ
427,チェーン
429,アピトン
430,コンパネ
431,イコライザーセンターシャフト
432,アウトリガーパイプ
433,タキゲンキャッチ
434,ウィングキャッチロック
435,ドア蝶番
436,コンテナロックハンドル
437,ルーフマーカーブラケット
438,アウトリガーハンドル
439,ステンロックスイッチステー
440,リッド
441,グリル
442,サイドインシールパネル
443,ドアメッキガーニッシュ
444,ハーネス
445,観音扉ストライカー
446,ステン枠
447,チェンジロッド
448,Uボルト
449,キャブショックアブソーバー
450,クラッチペダルカバー
451,チェーンカット
452,スタンションホール
453,スタンションホールキット
454,バックカメラブラケット
455,ロックプレートボルト
456,ナンバー枠
457,テールランプブラケット
458,突っ張り棒
459,カプラーワイヤー
460,サイドガードASSY
461,ドアースケット
462,中板
463,ライニング
464,フロントキャブショック
465,ウェザーストリップ
466,ウィンドシールドロアパネル
467,ウィング蝶番ピン
468,カプラーアース
469,トルクスビット
470,丸ノコ
471,キャップ
472,ウィングシリンダー
473,柱キャッチ
474,ウィング中板
475,インナーボード
477,コンテナロックリターンスプリング
478,ウィンググリスアップ
479,センサー
480,ステップブラケット
481,バンパーステー
482,バンパーフィニシャー
483,下廻り
484,アクセルペダル
485,ダッシュボード側
486,ルーフ
487,ゲージ
488,エア抜きホース
489,ブラケットブッシュゴム
490,キャッチローラーブラケット
491,センターバンパー
492,ウィング
493,ウィングルーフ
494,鳥居
495,ウィング蝶番ボルト
496,ドア蝶番ピン
497,煽り開閉補助装置
498,ドア
499,キャブショック
500,エンジンカバーステー
501,ロープ
502,リンギ
503,バンパーグリル
504,フラッシャーレンズ
505,フェンダー
506,フェンダーステー
507,コック
508,エアコネクターボルト
509,ブラケット2本
510,繋ぎホース
511,折損部ボルト止め
512,ヒンジ
513,建付け
514,サッシ
515,ウィングリターンスプリング
516,ホースコック
517,フォグランプベゼル
518,カプラー
519,エンジンカバー
520,フレーム側ボルト
521,配線ステー
522,バーナット
523,メインステー
524,グリルステー
525,コーナーパネルステー
526,バンパーステー
527,ヘッドライトステー
528,タイヤスタッドボルト
529,燃料
530,インタークーラーパイプ
531,ピラーヒンジ
532,ステンマーカー
533,ウィングウェザーストリップゴム
534,ステンサイドガード
535,バルブ
536,ナンバーブラケットボルト
537,ブレーキライニング
538,サイドブレーキハンドル
539,ライトベゼル
540,ドアヒンジ
541,アームブラケット
542,アウトリガーベアリング
543,コボレーンスイッチボックス
544,ストッパーフック
545,バンパーステップ
546,バックプレートボルト
547,スプリングブラケット
548,クロスメンバー
549,ウィングクッションボルト
550,ブリッジキャブショックアブソーバ
551,スプリングニップル
552,ボックス
553,エプロンゴム
554,ウィングセンターステー
555,フェンダーアーチゴム
556,フィニシャー
557,コーナーパネルカバー
558,ブッシュ
559,キャリーラック
560,タンクキャップ
561,ケーブル
562,錆止め塗料
563,テールランプレンズ
564,スルーシャフトメクラキャップ
565,リーンホースメント
566,サスベローズ
567,コの字曲げ鋼材
568,鋼材切り板
569,ショートパーツ
570,ライディングギヤ
571,セカンドステップカバー
572,スプラッシュガード
573,サスペンションブラケット
574,テールパイプブラケット
575,コボレーン
576,ニップル
577,ステンカバー
578,ダンプレバー
579,ゲートキャッチ
580,フロントショックアブソーバ
581,プラットホーム
582,ショックアブソーバー
583,シートサスペンション
584,フレーム間ハーネス
585,タイコマフラーステー
586,モーター一式
587,歯止め入れ
588,箱製作
589,作業台製作
590,ライト
591,リッドグリル
592,マーク
593,タイヤホイールカバー
594,アンテナ
595,ドライバーシートクッション
597,ステンサイドガードステー
598,フェリーフックブラケット
599,ステイ
600,マニュホルドスタッドボルト
601,ジョルダー
602,ノズルボルト
603,マーカーステイ
604,自重計
605,ヒンジ
606,ダッシュフロントエンドリーンホースメントパネル
607,エンジン
608,ナンバーブラケット
609,プラットホーム縞鋼板
610,アシストグリップ
611,ウィング枠
612,バッテリーブラケット
613,サイドガードコーナーバンパー
614,ツイストロックハンドル
615,アームハンドル
616,乗降ハンドル
617,室内養生作業
618,ドライバーシートASSY
619,シートカバー
620,センタースロットルハンドル
621,カプラースイッチレバー
622,オートグリス
623,グリスアップ
624,ダンプキャッチローラーブラケットグリス
625,ダンプキャッチブラケット
626,ドラックリンク
627,バンパーASSY
628,ファーストステップブラケット
629,グリルキャッチ
630,ドアーパネルASSY
631,バイザー
632,アウターカバー
633,ランプゴム
634,ミラーロアブラケット
635,ホイールカバー
636,ワイパーアーム
637,ミラーロアステイ
638,カラー
639,ボデー蝶番
640,バンパーグリルカバー
641,燃料サブタンク
642,床面錆落とし
643,サイドガードリベット
644,スプリングハンガー
645,カプラーロックスイッチ
646,リブ入れ
647,バンパーコーナーカバー
648,ドアパネルASSY
649,ステップアンダーカバー
650,メッキバックミラー
651,ダンプキャッチ
652,インターロックストッパーブラケット
653,インターロックリミットスイッチステン
654,ガードゴム
655,アルミガード
656,アピトン板
657,アルミ板
658,バンパーステイ
659,ドリル
660,コネクタージョイント
662,コの字曲げ材
663,3面曲げ材
664,滑車
665,アンカーボルト
666,フェンダーブラケット
667,エアークリーナー
668,ブロック
669,バッテリーカバーポップアップナット
670,ゲートロックレバーブラケット
671,エアタンクステー
672,マッドガードエプロン
673,バックミラーアーム
674,ロアステー
675,カメラ
676,アンダーカバーステイボルト
677,踊場
678,工具箱分解ブラケット
679,煽り
680,ステップブラケット
681,枠ボルト
682,ラック
683,センタービーム折損部
684,リーンホースメントボルト
686,メッキガーニッシュ
687,ゲートキャッチ
688,ラッシングベルト
690,ケース
691,アルミサイドガード
692,ドライバーシートサスペンション
693,キャブチルドシリンダーオイルホース
694,メイン燃料タンク
695,ステー
696,バンパーカバー
697,エンドカバー
698,ピラー蝶番
699,キングブレーキワイヤー
700,サイドバンパーリベット
701,エンジンアンダーカバー
702,メンバーボルト
703,エアードライヤー
704,チャージパイプ
705,鈑金部
706,コンパネブラケットリベット
707,車幅灯
708,フレーム
709,導風板
710,ブレーキホース
712,テールパイプバンド
713,ホースバンド
714,ブロックドリル
715,フックピン
716,フロントナンバー枠
717,高速ミラー
718,ドアセイコーラック
719,エアダクト
720,インナーバンパー引出し
721,エキゾーストブレーキシャッター
722,ロックピン
723,ウィングガスケット
724,ライト
726,ステイリフレクター
727,ブレーキハンドル
728,ブレーキスイッチリレー
729,ナンバープレートステイ
730,サイドガードステイ
731,ブレーキレンズ
732,ハザードランプレンズ
733,サイドステップ
734,サイドブレーキブラケット
735,マフラーテールパイプブラケット
736,コボレーンスイッチステイ
737,ブレーキリレースイッチ
738,フロントステイブラケット
739,コンテナブラケット
740,ナンバーステイ
741,オイルミスト
742,ジョルダーストッパー
743,リフレクターステイ
744,ウィングルーフリベット
745,エアードライヤーカートリッジ
746,オイルミストセパレーター
747,インターロックストッパーマーキング
748,ブレーキシューアンカーピンストッパープレート
749,フロントツイストロックレバー
750,サイドガードステップボルト
751,プロペラシャフトガード
752,バックカメラステイ
753,フロントキャブショックアブソーバー
754,ドライバーシートリクライニング
755,サイドステイ
756,フェンダーステイ
757,丸鋸歯
758,サードステップ
759,ルーフ枠
760,フェンダーマッドガード
761,スイッチブラケット
762,ドアストリップゴム
763,シートクッション
764,工具箱
765,踊り場縞鋼板
766,フレーム間ステイ
767,ねじ山
768,ドライバーシートリクライニングレバースプリング
769,中間繋ぎホース
770,チルドシリンダー
772,ウィングホースバンドリベット
773,ツイストロックレバーブラケット
774,板ステイ
775,エアタンクステイ
776,ハンガーブラケット
777,ホイール
778,カプラーレバーピン
779,カーテンランナーフック
780,枠骨ステイ
781,歯止め入れ
782,ジョルダーホイストステイ
783,アンダーカバーブラケット
784,ラックストッパー
785,カプラースイッチ
786,テールランプASSY
787,テールレンズ
788,ドアメッキカバー
789,エンドカバーインナーバンパーステイ
790,フォグカバー
791,UDPCボルト折れ込み
792,コネクターホース
793,タイヤ
794,サイドバンパーコーナーパイプ
795,エアタンク
796,リーフスプリングハンガーブラケット
797,ウィングサイドウェザーストリップゴム
798,バッテリースイッチ
799,グリスホース
800,ジョルダーローラー
801,メッキカバー
802,カプラースイッチブラケット
803,キーブラケット
804,サイドガード
805,突っ張りパイプ
807,キーシリンダー
808,ウィングオイル
809,配線ガード
810,リッドワイヤー
811,ドアストッパーボルト
813,テールパイプブッシュゴム
814,支柱
815,センタースロットルガイドレール
816,サイドガードステップリベット
817,コーナーキャスティング
818,枠フェンダー
819,タンクキャップチェーン
820,柱ウィングキャッチ
821,サイドバンパーステイ
822,幌骨
823,ユニット
824,中蓋え
825,インナーシールパネル
826,アドブルータンクステイ
827,サイドセンサー
828,チルドスイッチ
829,エアーパイプ
830,マーカーランプ
831,タイヤ灯
833,段塗料
834,踊り場塗料
835,スプリング
836,ウィングホース
837,泥除けプレート
838,テールランプ
839,ダンパー
840,キャブマウントリンク
841,リンクブッシュ
842,エアサス
843,バックランプステイ
844,煽りキャッチハンドル
845,ナンバープレートブラケット
846,ステンレス
848,ショックアブソーバ
849,コンプレッサー
850,フロントリーフバンド
851,ステップライト
852,ブレーキユニット
853,ハンドルカバー
854,ホーン
855,ワイヤー
856,インナーシールサイドパネル
857,バンパーシリンダー
858,キャッチ受け
859,踊場側縞鋼板
860,ファーストステップロアカバー
861,ペラシャフトプロテクター
862,パワステオイルホース
863,ウィングホース
864,ミリステンボルト
865,ベース板
866,UDPC
867,腐食ボルト
868,カバーナット加工
869,燃料ホースコネクター
870,サイレンサー
871,ウィングセンターキャッチ
872,パネル蝶番
873,クッション
874,ステンステイ
875,テールランプステイ
876,サンドシュー
877,ポールガイド
878,ウィングシリンダーオイル
879,アウトリガースプリング
880,バンパーフラッシャー
882,カプラーガイド
883,フロント
884,ロアカバー
885,タンクホース
886,タンクバンドマス
887,ゴム
889,プラットホームブッシュ
890,ブレーキブラケット
891,ドアミラーアーム
892,ドライバーシートブラケット
893,ドアパネル
894,ステップパネル
895,コンテナロックガード
