name,sort_order,reading
踊場縞鋼板,1,おどりばしまこうはん
蝶番,2,ちょうつがい
バッテリー,3,ばってりー
ヒーターパイプ,4,ひーたーぱいぷ
観音扉,5,かんのんとびら
内張り,6,うちばり
レギュレター,7,れぎゅれーたー
ラッチ,8,らっち
サッシュ,9,さっしゅ
アウターハンドル,10,あうたーはんどる
ガラスアウターカバー,11,がらすあうたーかばーー
サニーホース,12,さにーほーす
ボルト,13,ぼると
コボレーンシャフト,14,こぼれーんしゃふと
ウィングシート,15,うぃんぐしーと
ステー,16,すてー
リブ,17,りぶ
フラットバー,18,ふらっとばー
反射板ステー,19,はんしゃばんすてー
リベット,20,りべっと
マフラーカバー,21,まふらーかばーー
サイドガード,22,さいどがーど
パイプ,23,ぱいぷ
ウィングキャッチ,24,うぃんぐきゃっち
アンダーミラー,25,あんだーみらー
サイドガードステー,26,さいどがーどすてー
サイドガード,27,さいどがーど
タイコマフラー,28,たいこまふらー
イコライザーロックピン,29,いこらいざーーろっくぴん
ミラー,30,みらー
ドア,31,どあ
プレート,32,ぷれーと
ウェザーストリップゴム,33,うぇざすとりっぷごむ
バンパー,34,ばんぱー
セイコーラックアーム,35,せいこーらっくあむ
蝶番ピン,36,ちょうつがいぴん
キャッチ,37,きゃっち
横根太,38,横根ふと
床板,39,ゆかいた
フェンダー,40,ふぇんだ
戸当たりゴム,41,とあたりごむ
ナンバーボルト,42,なんばぼると
フロントリッド,43,ふろんとりっど
ウィング,44,うぃんぐ
ステンウィングキャッチ,45,すてんうぃんぐきゃっち
マフラー,46,まふら
ジャバラパイプ,47,じゃばらぱいぷ
キャスターストッパー,48,きゃすだすとっぱー
キャッチシャフト,49,きゃっちしゃふと
木材,50,きざい
ボルト一式,51,ぼるといちしき
踊場枠,52,おどりばわく
燃料タンク,53,ねんりょうたんく
ドア蝶番ボルト,54,どあちょうつがいぼると
シート,55,しーと
エアーホース,56,えあーほーす
アウトリガー,57,あうとりがー
アウトリガーブラケット,58,あうとりがーぶらけっと
アウトリガー 取付部,59,あうとりがーー とりつけぶ
フレーム,60,ふれーむ
マーカーランプステー,61,まーかーらんぷすてー
バンド,62,ばんど
ブラケット,63,ぶらけっと
アルミ縞板,64,あるみしまいた
フェンダーブラケット,65,ふぇんだぶらけっと
テールランプ,66,てーるらんぷ
タイヤハウスカバー,67,たいやはうすかばー
アッパーステップ,68,あっぱすてっぷ
コンデンサーステー,69,こんでんざすてー
インナーパネル,70,いんなぱねる
サイドガードマフラーカバー,71,さいどがーどまふらかばー
スケット,72,すけっと
テールランプカバー,73,てーるらんぷかばー
セイコーラック,74,せいこーらっく
サイドガードマフラーパイプガード,75,さいどがーどまふらぱいぷがーど
ドアキャッチ,76,どあきゃっち
フロントバンパー,77,ふろんとばんぱー
カバー,78,かばーー
ヘッドライト,79,へっどらいと
コーナーパネル,80,こーなーぱねる
ファーストステップカバー,81,ふぁ゜すとすてっぷかばー
コーナーバンパー,82,こーなーばんぱー
バンパーフィニッシャー,83,ばんぱーふぃにっしゃ
フォグランプ,84,ふぉぐらんぷ
骨ボルト,85,ほねぼると
アンダーカバー,86,あんだかばー
ランディングパット,87,らんでぃんぐぱっと
ドライブシャフト,88,どらいぶしゃふと
ドライバーシートassy,89,どらいばーしーとasy
リクライニングシート,90,りくらいにんぐじと
シートブラケット,91,じとぶらけっと
幌骨差込口,92,ほろほねさしこみくち
ドアーキャッチ,93,どあきゃっち
煽りドアーキャッチ,94,あおりどあーきゃっち
反射板,95,はんしゃばん
ドアスケット,96,どあすけっと
ドアースイッチ,97,どあすいっち
ガラス,98,がらす
キャブキャッチレバーブラケット,99,きゃぶきゃっちればぶらけっと
アッパーフェンダー,100,あっぱふぇんだ
パネル,101,ぱねる
ハンドルグリップ,102,はんどるぐりっぷ
ステップ,103,すてっぷ
バンパー,104,ばんぱー
ハンドルシャフト,105,はんどるしゃふと
板ステンレス,106,いたすてんれす
板ブッシュゴム,107,いたぶっしゅごむ
泥除けゴム,108,どろじょけごむ
ミリボルト,109,みりぼると
コンテナロックレバー,110,こんてなろっくれば
ステン泥除け枠,111,すてんどろじょけわく
UDマーク,112,UDまーく
テールパイプ,113,てーるぱいぷ
サブフレームブラケット,114,さぶふれむぶらけっと
集合管,115,集合かん
踊場,116,おどりば
ブッシュゴム,117,ぶっしゅごむ
シャフト,118,しゃふと
バンパーカバー,119,ばんぱーかばー
ウイングスイッチ,120,ういんぐすいっち
バンパーステーボルト,121,ばんぱーすてーぼると
バックランプ,122,ばっくらんぷ
柱パイプ,123,はしらぱいぷ
テープ,124,てーぷ
フロントバンパーグリル,125,ふろんとばんぱーぐりる
フェンダーブラケット,126,ふぇんだぶらけっと
ゲート,127,げと
スタッドボルト,128,すたっどぼると
フロントグリル,129,ふろんとぐりる
フロントスプリングバンドカット,130,ふろんとすぷりんぐばんどかっと
タップボルト,131,たっぷぼると
ボード,132,ぼーど
メッキミラー,133,めっきみら
ドアパネル,134,どあぱねる
ステップカバー,135,すてっぷかばー
メッキコーナーバンパー,136,めっきこーなーばんぱー
ブレーキペダル,137,ぶれきぺだる
ピラー,138,ぴら
スカッフプレート,139,すかっふぷれと
フロアーマット,140,ふろあまっと
ドライバーシート,141,どらいばじと
サイド内張,142,さいどうちばり
グリップ,143,ぐりっぷ
リーンホースメントパネル,144,りんほーすめんとぱねる
キャブ,145,きゃぶ
梯子,146,梯子
ピーラーヒンジ,147,ぴらひんじ
ドアバイザー,148,どあばいざ
ステンテールランプブラケット,149,すてんてーるらんぷぶらけっと
シャフトカバー,150,しゃふとかばー
モーター,151,もーたー
枠骨,152,わくほね
ゲートヒンジ,153,げとひんじ
踊場フレーム,154,おどりばふれーむ
マーカーランプ,155,まーかーらんぷ
エキゾーストパイプ,156,えきぞすとぱいぷ
ボデーリアカーテン,157,ぼでりあがてん
ガゼットボルト,158,がぜっとぼると
ナンバーボルト,159,なんばぼると
ステップバンパーボルト,160,すてっぷばんぱーぼると
シートギヤハンドル,161,じとぎやはんどる
マットガード,162,まっとがーど
ジャバラパイプガード,163,じゃばらぱいぷがーど
コーナーカバー,164,こーなーかばー
カプラーガイドブラケット,165,かぷらがいどぶらけっと
フェンダーブラケット,166,ふぇんだぶらけっと
フェンダー,167,ふぇんだ
アーチゴム,168,あちごむ
消火器,169,消火き
フィニッシャーステー,170,ふぃにっしゃすてー
コボレーン枠,171,こぼれーんわく
ジャバラパイプステー,172,じゃばらぱいぷすてー
スケットアームピン,173,すけっとあむぴん
ツイストロックリターンスプリング,174,ついすとろっくりだんすぷりんぐ
工具箱押さえ,175,こうぐ箱押さえ
踊場脱着,176,おどりばだっちゃく
サイドガードステー,177,さいどがーどすてー
縞鋼板,178,しまこうはん
パイプメートル,179,ぱいぷめとる
カーテンレール,180,がてんれる
アングル,181,あんぐる
タカラポストキャッチ,182,たからぽすときゃっち
スケットスプリング,183,すけっとすぷりんぐ
サイドアンダーミラー,184,さいどあんだみら
タンクバンド,185,たんくばんど
スケットアーム,186,すけっとあむ
リーフスプリングバンド,187,りふすぷりんぐばんど
オイルパン,188,おいるぱん
アーム,189,あむ
鋼板,190,こうはん
メッキパーツ,191,めっきぱつ
ガード,192,がーど
ラッシングレール,193,らっしんぐれーる
ナンバープレート,194,なんばーぷれーと
マッドガード,195,まっどがーど
サイドガードステン化粧板,196,さいどがーどすてん化粧いた
リベット,197,りべっと
メッキバンパー,198,めっきばんぱー
モール,199,もる
スカート,200,すがと
フラッシャーランプ,201,ふらっしゃらんぷ
ドアフラッシャー,202,どあふらっしゃ
ファーストステップ,203,ふぁ゜すとすてっぷ
セカンドステップ,204,せかんどすてっぷ
ステップウォール,205,すてっぷうぉる
タンクホースバンド,206,たんくほーすばんど
ファーストステップブラケット,207,ふぁ゜すとすてっぷぶらけっと
ガーニッシュ,208,がにっしゅ
ステップランプ,209,すてっぷらんぷ
ドアスイッチ,210,どあすいっち
シートベルト,211,じとべると
泥除け,212,どろじょけ
下回り,213,げかいり
センターフィニッシャー,214,せんたーふぃにっしゃ
フィニッシャー,215,ふぃにっしゃ
インナーバンパー,216,いんなばんぱー
フラッシャー,217,ふらっしゃ
タンクキャップパッキン,218,たんくきゃっぷぱっきん
塗料,219,ぬりょう
錆止め,220,さびしめ
シンナー,221,しんな
硬化剤,222,硬化剤
フック,223,ふっく
ドアスケットスプリング,224,どあすけっとすぷりんぐ
アーチゴムスプリング,225,あちごむすぷりんぐ
フェンダー,226,ふぇんだ
ウィング蝶番,227,うぃんぐちょうつがい
リターンスプリング,228,りだんすぷりんぐ
レール,229,れーる
スイッチレバー,230,すいっちれば
セイコーラックアームピン,231,せいこーらっくあむぴん
エアーフィルターステー,232,えあふぃるだすてー
ボルト,233,ぼると
ジャンパーソケットコネクター,234,じゃんぱそけっとこねくだ
センタースロットルキャッチ,235,せんたーすろっとるきゃっち
枠ストッパー,236,わくすとっぱーー
ストリップゴム,237,すとりっぷごむ
ウィングセンターシート,238,うぃんぐせんたーじと
レールブラケットボルト,239,れるぶらけっとぼると
ドアステンキャッチ,240,どあすてんきゃっち
テールランプブッシュボルト,241,てーるらんぷぶっしゅぼると
ケーブルハンガーポール,242,げぶるはんがぽる
ドアーストライカー,243,どあすとらいが
リフレクター,244,りふれくたー
ウィングキャッチチェーンフック,245,うぃんぐきゃっちぇんふっく
ウィングドア,246,うぃんぐどあ
フェンダー,247,ふぇんだ
フェンダーカバー,248,ふぇんだかばー
マフラーセンサーボルト,249,まふらせんざぼると
ウィングドアストリップゴム,250,うぃんぐどあすとりっぷごむ
フロントインナーバンパー,251,ふろんといんなばんぱー
ズック,252,ずっく
メンバー,253,めんば
りん木入れ,254,りんきにゅうれ
ロープフック,255,ろぷふっく
コンテナロック,256,こんてなろっく
青塗料,257,あおぬりょう
アウトリガーハンドルロック,258,あうとりがーはんどるろっく
ステップバンパー,259,すてっぷばんぱー
ノズル,260,のずる
バックカメラ,261,ばっくかめら
ナンバーブラケット,262,なんばぶらけっと
ナット,263,なっと
サブタンク,264,さぶたんく
ステップバンパー,265,すてっぷばんぱー
バンパーステー,266,ばんぱーすてー
床枠,267,ゆかわく
押え,268,押え
突っ張りステー,269,突っ張りすてー
ステンガード,270,すてんがーど
プラットホームゴム,271,ぷらっとぼむごむ
補強材,272,ほきょうざい
バックランプステーブラケット,273,ばっくらんぷすてーぶらけっと
根太,274,根ふと
踊場アルミ,275,おどりばあるみ
コーナーリングランプ,276,こーなーりんぐらんぷ
ステンフェンダー,277,すてんふぇんだ
サイドガードピン,278,さいどがーどぴん
バックミラーステー,279,ばっくみらすてー
エアダムバンパー,280,えあだむばんぱー
メッキコーナーランプベゼル,281,めっきこーなーらんぷべぜる
フックブラケット,282,ふっくぶらけっと
ステンボルト,283,すてんぼると
板ステー,284,いたすてー
ステンブラケット,285,すてんぶらけっと
サイドブレーキ,286,さいどぶれき
蝶番ブラケット,287,ちょうつがいぶらけっと
支柱,288,しちゅう
ステンステー,289,すてんすてー
ドア,290,どあ
ドアラッチ,291,どあらっち
ストライカー,292,すとらいが
インナーハンドル,293,いんなはんどる
コーナーランプ,294,こーなーらんぷ
アームプレート,295,あむぷれと
ポール,296,ぽる
センサー,297,せんさー
燃料抜き入れ,298,ねんりょうぬきにゅうれ
中間ホース,299,ちゅうかんほーす
タンクブラケットクッションゴム,300,たんくぶらけっとくっしょんごむ
ポンプユニット,301,ぽんぷゆにっと
ボルト焼き付き,302,ぼると焼きつけき
ネジ山,303,ねじやま
プラットホーム縞板,304,ぷらっとほーむしまいた
焼き付きボルト,305,焼きつけきぼると
ターボチャージャースタッドボルト,306,だぼちゃじゃすたっどぼると
プラットホーム縞板,307,ぷらっとほーむしまいた
ボルト折れ込み,308,ぼると折れ込み
ボルトASSY,309,ぼるとあっしー
丸形リフレクター1枚（込み）,310,丸形りふれくたーいち枚（込み）
ボデー,311,ぼで
ガイドレール,312,がいどれる
ミリコ,313,みりこ
ホース,314,ほーす
サイドバンパー 折損部,315,さいどばんぱーー せっそんぶ
ナンバー,316,なんば
コントロールロッド,317,こんとろるろっど
ショックアブソーバー,318,しょっくあぶぞば
ガスダンバー,319,がすだんば
ホースクランプ,320,ほーすくらんぷ
穴掘り,321,あな掘り
オートグリスホース,322,おとぐりすほーす
自重計,323,自じゅう計
竹箒入れ,324,竹箒にゅうれ
コネクター,325,こねくだ
踊場縞鋼板,326,おどりばしまこうはん
全面タップ掛け,327,ぜんめんたっぷかけ
フロントショックアブソーバー,328,ふろんとしょっくあぶぞば
ショックアブソーバー,329,しょっくあぶぞば
ハンドル,330,はんどる
アクスルボルトスタッド,331,あくするぼるとすたっど
燃料サブタンク,332,ねんりょうさぶたんく
燃料抜き,333,ねんりょうぬき
シャックルブラケット,334,しゃっくるぶらけっと
骨ナット,335,ほねなっと
ステン枠,336,すてんわく
フェリーフック,337,ふぇりふっく
踊場バッテリー,338,おどりばってりー
テールパイプマフラー,339,てーるぱいぷまふら
鉄板,340,てついた
蝶番ボルト,341,ちょうつがいぼると
センターシート,342,せんたーじと
サイドバンパー,343,さいどばんぱー
サイドミラー付替え,344,さいどみらーつけかえ
ミラーステー,345,みらすてー
骨パイプ,346,ほねぱいぷ
ツイストロックハンドルストッパー,347,ついすとろっくはんどるすとっぱー
ロアフェンダー,348,ろあふぇんだ
サイドミラー,349,さいどみら
アンダーミラー,350,あんだーみらー
ミラーアーム,351,みらあむ
ウィングセンタービーム,352,うぃんぐせんたーびむ
センタースロットル,353,せんたーすろっとる
板リベット,354,いたりべっと
ウォーターパイプ,355,うぉだぱいぷ
踊場ボルト,356,おどりばぼると
スプラッシュシールゴム,357,すぷらっしゅじるごむ
メッキ,358,めっき
サイドインナーシールパネル,359,さいどいんなじるぱねる
サイド,360,さいど
コーキング入替,361,こーきんぐにゅうかえ
ダンプ,362,だんぷ
ラテラルロッド,363,らてらるろっど
フロントグリルメッキカバー,364,ふろんとぐりるめっきかばー
板センターレール,365,いたせんたーれーる
ツイストロックストッパー,366,ついすとろっくすとっぱー
蝶番,367,ちょうつがい
サイドパネルメッキカバー,368,さいどぱねるめっきかばー
ゲートガイドブラケット,369,げとがいどぶらけっと
荷台部,370,にだいぶ
アルミ板,371,あるみいた
車高灯,372,車たかとう
ステン,373,すてん
サイドガードステーパイプ,374,さいどがーどすてーぱいぷ
バックミラー,375,ばっくみら
ツイストロック,376,ついすとろっく
床枠アングル,377,ゆかわくあんぐる
抑え,378,抑え
コーナーガード,379,こーなーがーど
ステーASSY,380,すてーあっしー
サイドガードコーナー,381,さいどがーどこーなー
フロントフェンダーマッドガード,382,ふろんとふぇんだまっどがーど
スプリングシート,383,すぷりんぐじと
コーナーパイプ,384,こーなーぱいぷ
リフレクターステー,385,りふれくだすてー
タイコマフラー,386,たいこまふらー
ウィング蝶番,387,うぃんぐちょうつがい
ケーブルクランプ,388,げぶるくらんぷ
テープパイプ,389,でぷぱいぷ
クランプ,390,くらんぷ
吊りげハンガー,391,吊りげはんがー
クッション,392,くっしょん
センタスロットルハンドル,393,せんたすろっとるはんどる
タックス,394,たっくす
ハブボルト,395,はぶぼると
シャフトボルト,396,しゃふとぼると
回転灯,397,かいてんとう
ナンバープレートボルト,398,なんばぷれとぼると
ヒンジ,399,ひんじ
ストッパー,400,すとっぱー
ピーラー,401,ぴら
バックランプステー,402,ばっくらんぷすてー
ステンボードアングルステンステー,403,すてんぼどあんぐるすてんすてー
スプリングシートブラケット,404,すぷりんぐじとぶらけっと
特殊工具製作,405,とくしゅこうぐせいさく
ジャンパーホース,406,じゃんぱほーす
シャーシ,407,しゃし
ステンブレ,408,すてんぶれ
アドブルーキャップ,409,あどぶるきゃっぷ
ナンバーブラケット,410,なんばぶらけっと
ベニヤ板,411,べにやいた
タップ,412,たっぷ
フェンダーカット,413,ふぇんだかっと
ステー,414,すてー
タンク,415,たんく
メンバーステンカバー,416,めんばすてんかばー
スタンション,417,すたんしょん
マーカーレンズ,418,まーかーれんず
チェーン,419,ちぇーん
アピトン,420,あぴとん
コンパネ,421,こんぱね
イコライザーセンターシャフト,422,いこらいざーせんたーしゃふと
アウトリガーパイプ,423,あうとりがーぱいぷ
タキゲンキャッチ,424,たきげんきゃっち
ウィングキャッチロック,425,うぃんぐきゃっちろっく
ドア蝶番,426,どあちょうつがい
コンテナロックハンドル,427,こんてなろっくはんどる
ルーフマーカーブラケット,428,るふまーかーぶらけっと
アウトリガーハンドル,429,あうとりがーはんどる
ステンロックスイッチステー,430,すてんろっくすいっちすてー
リッド,431,りっど
グリル,432,ぐりる
サイドインシールパネル,433,さいどいんじるぱねる
ドアメッキガーニッシュ,434,どあめっきがにっしゅ
ハーネス,435,ばねす
観音扉ストライカー,436,かんのんとびらすとらいかー
ステン枠,437,すてんわく
チェンジロッド,438,ちぇんじろっど
Uボルト,439,Uぼると
キャブショックアブソーバー,440,きゃぶしょっくあぶぞば
クラッチペダルカバー,441,くらっちぺだるかばー
チェーンカット,442,ちぇんかっと
スタンションホール,443,すたんしょんぼる
スタンションホールキット,444,すたんしょんぼるきっと
バックカメラブラケット,445,ばっくかめらぶらけっと
ロックプレートボルト,446,ろっくぷれとぼると
ナンバー枠,447,なんばーわく
テールランプブラケット,448,てーるらんぷぶらけっと
突っ張り棒,449,突っ張りぼう
カプラーワイヤー,450,かぷらわいや
サイドガードASSY,451,さいどがーどあっしー
ドアースケット,452,どあすけっと
中板,453,ちゅういた
ライニング,454,らいにんぐ
フロントキャブショック,455,ふろんときゃぶしょっく
ウェザーストリップ,456,うぇざすとりっぷ
ウィンドシールドロアパネル,457,うぃんどじるどろあぱねる
ウィング蝶番ピン,458,うぃんぐちょうつがいぴん
カプラーアース,459,かぷらあす
トルクスビット,460,とるくすびっと
丸ノコ,461,丸のこ
キャップ,462,きゃっぷ
ウィングシリンダー,463,うぃんぐしりんだ
柱キャッチ,464,はしらきゃっち
ウィング中板,465,うぃんぐちゅういた
インナーボード,466,いんなぼど
コンテナロックリターンスプリング,467,こんてなろっくりだんすぷりんぐ
ウィンググリスアップ,468,うぃんぐりすあっぷ
センサー,469,せんさー
ステップブラケット,470,すてっぷぶらけっと
バンパーステー,471,ばんぱーすてー
バンパーフィニシャー,472,ばんぱーふぃにしゃ
下廻り,473,げ廻り
アクセルペダル,474,あくせるぺだる
ダッシュボード側,475,だっしゅぼーど側
ルーフ,476,るふ
ゲージ,477,げーじ
エア抜きホース,478,えあぬきほーす
ブラケットブッシュゴム,479,ぶらけっとぶっしゅごむ
キャッチローラーブラケット,480,きゃっちろらぶらけっと
センターバンパー,481,せんたーばんぱー
ウィング,482,うぃんぐ
ウィングルーフ,483,うぃんぐるふ
鳥居,484,鳥居
ウィング蝶番ボルト,485,うぃんぐちょうつがいぼると
ドア蝶番ピン,486,どあちょうつがいぴん
煽り開閉補助装置,487,あおりかいへいほ助そうち
ドア,488,どあ
キャブショック,489,きゃぶしょっく
エンジンカバーステー,490,えんじんかばーすてー
ロープ,491,ろーぷ
リンギ,492,りんぎ
バンパーグリル,493,ばんぱーぐりる
フラッシャーレンズ,494,ふらっしゃれんず
フェンダー,495,ふぇんだ
フェンダーステー,496,ふぇんだすてー
コック,497,こっく
エアコネクターボルト,498,えあこねくだぼると
ブラケット2本,499,ぶらけっとにほん
繋ぎホース,500,繋ぎほーす
折損部ボルト止め,501,せっそんぶぼるとしめ
ヒンジ,502,ひんじ
建付け,503,けんつけ
サッシ,504,さっし
ウィングリターンスプリング,505,うぃんぐりだんすぷりんぐ
ホースコック,506,ほーすこっく
フォグランプベゼル,507,ふぉぐらんぷべぜる
カプラー,508,かぷら
エンジンカバー,509,えんじんかばー
フレーム側ボルト,510,ふれーむ側ぼると
配線ステー,511,はいせんすてー
バーナット,512,ばなっと
メインステー,513,めいんすてー
グリルステー,514,ぐりるすてー
コーナーパネルステー,515,こーなーぱねるすてー
バンパーステー,516,ばんぱーすてー
ヘッドライトステー,517,へっどらいとすてー
タイヤスタッドボルト,518,たいやすたっどぼると
燃料,519,ねんりょう
インタークーラーパイプ,520,いんだぐらぱいぷ
ピラーヒンジ,521,ぴらひんじ
ステンマーカー,522,すてんまーかー
ウィングウェザーストリップゴム,523,うぃんぐうぇざすとりっぷごむ
ステンサイドガード,524,すてんさいどがーど
バルブ,525,ばるぶ
ナンバーブラケットボルト,526,なんばぶらけっとぼると
ブレーキライニング,527,ぶれきらいにんぐ
サイドブレーキハンドル,528,さいどぶれきはんどる
ライトベゼル,529,らいとべぜる
ドアヒンジ,530,どあひんじ
アームブラケット,531,あむぶらけっと
アウトリガーベアリング,532,あうとりがーべありんぐ
コボレーンスイッチボックス,533,こぼれーんすいっちぼっくす
ストッパーフック,534,すとっぱーふっく
バンパーステップ,535,ばんぱーすてっぷ
バックプレートボルト,536,ばっくぷれとぼると
スプリングブラケット,537,すぷりんぐぶらけっと
クロスメンバー,538,くろすめんば
ウィングクッションボルト,539,うぃんぐくっしょんぼると
ブリッジキャブショックアブソーバ,540,ぶりっじきゃぶしょっくあぶぞば
スプリングニップル,541,すぷりんぐにっぷる
ボックス,542,ぼっくす
エプロンゴム,543,えぷろんごむ
ウィングセンターステー,544,うぃんぐせんたーすてー
フェンダーアーチゴム,545,ふぇんだあちごむ
フィニシャー,546,ふぃにしゃ
コーナーパネルカバー,547,こーなーぱねるかばー
ブッシュ,548,ぶっしゅ
キャリーラック,549,きゃりらっく
タンクキャップ,550,たんくきゃっぷ
ケーブル,551,けーぶる
錆止め塗料,552,さびしめぬりょう
テールランプレンズ,553,てーるらんぷれんず
スルーシャフトメクラキャップ,554,するしゃふとめくらきゃっぷ
リーンホースメント,555,りんほーすめんと
サスベローズ,556,さすべろず
コの字曲げ鋼材,557,このじまげこうざい
鋼材切り板,558,こうざいせつりいた
ショートパーツ,559,しょとぱつ
ライディングギヤ,560,らいでぃんぐぎや
セカンドステップカバー,561,せかんどすてっぷかばー
スプラッシュガード,562,すぷらっしゅがーど
サスペンションブラケット,563,さすぺんしょんぶらけっと
テールパイプブラケット,564,てーるぱいぷぶらけっと
コボレーン,565,こぼれーん
ニップル,566,にっぷる
ステンカバー,567,すてんかばー
ダンプレバー,568,だんぷれば
ゲートキャッチ,569,げときゃっち
フロントショックアブソーバ,570,ふろんとしょっくあぶぞば
プラットホーム,571,ぷらっとぼむ
ショックアブソーバー,572,しょっくあぶぞば
シートサスペンション,573,じとさすぺんしょん
フレーム間ハーネス,574,ふれーむかんはーねす
タイコマフラーステー,575,たいこまふらすてー
モーター一式,576,もーたーいちしき
歯止め入れ,577,歯しめにゅうれ
箱製作,578,箱せいさく
作業台製作,579,さく業台せいさく
ライト,580,らいと
リッドグリル,581,りっどぐりる
マーク,582,まーく
タイヤホイールカバー,583,たいやほいるかばー
アンテナ,584,あんてな
ドライバーシートクッション,585,どらいばじとくっしょん
ステンサイドガードステー,586,すてんさいどがーどすてー
フェリーフックブラケット,587,ふぇりふっくぶらけっと
ステイ,588,すてい
マニュホルドスタッドボルト,589,まにゅほるどすたっどぼると
ジョルダー,590,じょるだー
ノズルボルト,591,のずるぼると
マーカーステイ,592,まーかーすてい
自重計,593,自じゅう計
ヒンジ,594,ひんじ
ダッシュフロントエンドリーンホースメントパネル,595,だっしゅふろんとえんどりんほーすめんとぱねる
エンジン,596,えんじん
ナンバーブラケット,597,なんばぶらけっと
プラットホーム縞鋼板,598,ぷらっとほーむしまこういた
アシストグリップ,599,あしすとぐりっぷ
ウィング枠,600,うぃんぐわく
バッテリーブラケット,601,ばってりぶらけっと
サイドガードコーナーバンパー,602,さいどがーどこーなーばんぱー
ツイストロックハンドル,603,ついすとろっくはんどる
アームハンドル,604,あむはんどる
乗降ハンドル,605,乗降はんどる
室内養生作業,606,室うち養生さく業
ドライバーシートASSY,607,どらいばーしーとあっしー
シートカバー,608,じとかばー
センタースロットルハンドル,609,せんたーすろっとるはんどる
カプラースイッチレバー,610,かぷらすいっちれば
オートグリス,611,おとぐりす
グリスアップ,612,ぐりすあっぷ
ダンプキャッチローラーブラケットグリス,613,だんぷきゃっちろらぶらけっとぐりす
ダンプキャッチブラケット,614,だんぷきゃっちぶらけっと
ドラックリンク,615,どらっくりんく
バンパーASSY,616,ばんぱーーあっしー
ファーストステップブラケット,617,ふぁ゜すとすてっぷぶらけっと
グリルキャッチ,618,ぐりるきゃっち
ドアーパネルASSY,619,どあーぱねるあっしー
バイザー,620,ばいざ
アウターカバー,621,あうだかばー
ランプゴム,622,らんぷごむ
ミラーロアブラケット,623,みらろあぶらけっと
ホイールカバー,624,ほいるかばー
ワイパーアーム,625,わいぱあむ
ミラーロアステイ,626,みらろあすてい
カラー,627,から
ボデー蝶番,628,ぼでーちょうつがい
バンパーグリルカバー,629,ばんぱーぐりるかばー
燃料サブタンク,630,ねんりょうさぶたんく
床面錆落とし,631,ゆかめんさび落とし
サイドガードリベット,632,さいどがーどりべっと
スプリングハンガー,633,すぷりんぐはんが
カプラーロックスイッチ,634,かぷらろっくすいっち
リブ入れ,635,りぶにゅうれ
バンパーコーナーカバー,636,ばんぱーこーなーかばー
ドアパネルASSY,637,どあぱねるあっしー
ステップアンダーカバー,638,すてっぷあんだかばー
メッキバックミラー,639,めっきばっくみら
ダンプキャッチ,640,だんぷきゃっち
インターロックストッパーブラケット,641,いんだろっくすとっぱーぶらけっと
インターロックリミットスイッチステン,642,いんだろっくりみっとすいっちすてん
ガードゴム,643,がーどごむ
アルミガード,644,あるみがーど
アピトン板,645,あぴとんいた
アルミ板,646,あるみいた
バンパーステイ,647,ばんぱーすてい
ドリル,648,どりる
コネクタージョイント,649,こねくだじょいんと
コの字曲げ材,650,このじまげざい
3面曲げ材,651,さんめんまげざい
滑車,652,すべ車
アンカーボルト,653,あんがぼると
フェンダーブラケット,654,ふぇんだぶらけっと
エアークリーナー,655,えあーくりーなー
ブロック,656,ぶろっく
バッテリーカバーポップアップナット,657,ばってりかばーぽっぷあっぷなっと
ゲートロックレバーブラケット,658,げとろっくればぶらけっと
エアタンクステー,659,えあたんくすてー
マッドガードエプロン,660,まっどがーどえぷろん
バックミラーアーム,661,ばっくみらあむ
ロアステー,662,ろあすてー
カメラ,663,かめら
アンダーカバーステイボルト,664,あんだかばーすていぼると
踊場,665,おどりば
工具箱分解ブラケット,666,こうぐ箱ぶんかいぶらけっと
煽り,667,あおり
ステップブラケット,668,すてっぷぶらけっと
枠ボルト,669,わくぼると
ラック,670,らっく
センタービーム折損部,671,せんたーびーむせっそんぶ
リーンホースメントボルト,672,りんほーすめんとぼると
メッキガーニッシュ,673,めっきがにっしゅ
ゲートキャッチ,674,げときゃっち
ラッシングベルト,675,らっしんぐべると
ケース,676,けーす
アルミサイドガード,677,あるみさいどがーど
ドライバーシートサスペンション,678,どらいばじとさすぺんしょん
キャブチルドシリンダーオイルホース,679,きゃぶちるどしりんだおいるほーす
メイン燃料タンク,680,めいんねんりょうたんく
ステー,681,すてー
バンパーカバー,682,ばんぱーかばー
エンドカバー,683,えんどかばー
ピラー蝶番,684,ぴらーちょうつがい
キングブレーキワイヤー,685,きんぐぶれきわいや
サイドバンパーリベット,686,さいどばんぱーりべっと
エンジンアンダーカバー,687,えんじんあんだかばー
メンバーボルト,688,めんばぼると
エアードライヤー,689,えあーどらいやー
チャージパイプ,690,ちゃじぱいぷ
鈑金部,691,鈑きんぶ
コンパネブラケットリベット,692,こんぱねぶらけっとりべっと
車幅灯,693,車幅とう
フレーム,694,ふれーむ
導風板,695,導ふういた
ブレーキホース,696,ぶれきほーす
テールパイプバンド,697,てーるぱいぷばんど
ホースバンド,698,ほーすばんど
ブロックドリル,699,ぶろっくどりる
フックピン,700,ふっくぴん
フロントナンバー枠,701,ふろんとなんばーわく
高速ミラー,702,たか速みらー
ドアセイコーラック,703,どあせいこーらっく
エアダクト,704,えあだくと
インナーバンパー引出し,705,いんなーばんぱーー引しゅつし
エキゾーストブレーキシャッター,706,えきぞすとぶれきしゃっだ
ロックピン,707,ろっくぴん
ウィングガスケット,708,うぃんぐがすけっと
ライト,709,らいと
ステイリフレクター,710,すていりふれくだ
ブレーキハンドル,711,ぶれきはんどる
ブレーキスイッチリレー,712,ぶれきすいっちりれ
ナンバープレートステイ,713,なんばぷれとすてい
サイドガードステイ,714,さいどがーどすてい
ブレーキレンズ,715,ぶれきれんず
ハザードランプレンズ,716,はざどらんぷれんず
サイドステップ,717,さいどすてっぷ
サイドブレーキブラケット,718,さいどぶれきぶらけっと
マフラーテールパイプブラケット,719,まふらてーるぱいぷぶらけっと
コボレーンスイッチステイ,720,こぼれーんすいっちすてい
ブレーキリレースイッチ,721,ぶれきりれすいっち
フロントステイブラケット,722,ふろんとすていぶらけっと
コンテナブラケット,723,こんてなぶらけっと
ナンバーステイ,724,なんばすてい
オイルミスト,725,おいるみすと
ジョルダーストッパー,726,じょるだーすとっぱー
リフレクターステイ,727,りふれくだすてい
ウィングルーフリベット,728,うぃんぐるふりべっと
エアードライヤーカートリッジ,729,えあーどらいやーがとりっじ
オイルミストセパレーター,730,おいるみすとせぱれだ
インターロックストッパーマーキング,731,いんだろっくすとっぱーまきんぐ
ブレーキシューアンカーピンストッパープレート,732,ぶれきしゅあんがぴんすとっぱーぷれと
フロントツイストロックレバー,733,ふろんとついすとろっくれば
サイドガードステップボルト,734,さいどがーどすてっぷぼると
プロペラシャフトガード,735,ぷろぺらしゃふとがーど
バックカメラステイ,736,ばっくかめらすてい
フロントキャブショックアブソーバー,737,ふろんときゃぶしょっくあぶぞば
ドライバーシートリクライニング,738,どらいばじとりくらいにんぐ
サイドステイ,739,さいどすてい
フェンダーステイ,740,ふぇんだすてい
丸鋸歯,741,丸鋸歯
サードステップ,742,ざどすてっぷ
ルーフ枠,743,るーふわく
フェンダーマッドガード,744,ふぇんだまっどがーど
スイッチブラケット,745,すいっちぶらけっと
ドアストリップゴム,746,どあすとりっぷごむ
シートクッション,747,じとくっしょん
工具箱,748,こうぐ箱
踊り場縞鋼板,749,踊りばしまこういた
フレーム間ステイ,750,ふれーむかんすてい
ねじ山,751,ねじやま
ドライバーシートリクライニングレバースプリング,752,どらいばじとりくらいにんぐればすぷりんぐ
中間繋ぎホース,753,ちゅうかん繋ぎほーす
チルドシリンダー,754,ちるどしりんだ
ウィングホースバンドリベット,755,うぃんぐほーすばんどりべっと
ツイストロックレバーブラケット,756,ついすとろっくればぶらけっと
板ステイ,757,いたすてい
エアタンクステイ,758,えあたんくすてい
ハンガーブラケット,759,はんがぶらけっと
ホイール,760,ほいる
カプラーレバーピン,761,かぷらればぴん
カーテンランナーフック,762,がてんらんなふっく
枠骨ステイ,763,わくほねすてい
歯止め入れ,764,歯しめにゅうれ
ジョルダーホイストステイ,765,じょるだーほいすとすてい
アンダーカバーブラケット,766,あんだかばーぶらけっと
ラックストッパー,767,らっくすとっぱー
カプラースイッチ,768,かぷらすいっち
テールランプASSY,769,てーるらんぷあっしー
テールレンズ,770,てーるれんず
ドアメッキカバー,771,どあめっきかばー
エンドカバーインナーバンパーステイ,772,えんどかばーいんなばんぱーすてい
フォグカバー,773,ふぉぐかばー
UDPCボルト折れ込み,774,UDPCぼると折れ込み
コネクターホース,775,こねくだほーす
タイヤ,776,たいや
サイドバンパーコーナーパイプ,777,さいどばんぱーこーなーぱいぷ
エアタンク,778,えあたんく
リーフスプリングハンガーブラケット,779,りふすぷりんぐはんがぶらけっと
ウィングサイドウェザーストリップゴム,780,うぃんぐさいどうぇざすとりっぷごむ
バッテリースイッチ,781,ばってりすいっち
グリスホース,782,ぐりすほーす
ジョルダーローラー,783,じょるだーろら
メッキカバー,784,めっきかばー
カプラースイッチブラケット,785,かぷらすいっちぶらけっと
キーブラケット,786,ぎぶらけっと
サイドガード,787,さいどがーど
突っ張りパイプ,788,突っ張りぱいぷ
キーシリンダー,789,ぎしりんだ
ウィングオイル,790,うぃんぐおいる
配線ガード,791,はいせんがーど
リッドワイヤー,792,りっどわいや
ドアストッパーボルト,793,どあすとっぱーぼると
テールパイプブッシュゴム,794,てーるぱいぷぶっしゅごむ
支柱,795,しちゅう
センタースロットルガイドレール,796,せんたーすろっとるがいどれる
サイドガードステップリベット,797,さいどがーどすてっぷりべっと
コーナーキャスティング,798,こーなーきゃすてぃんぐ
枠フェンダー,799,わくふぇんだー
タンクキャップチェーン,800,たんくきゃっぷちぇん
柱ウィングキャッチ,801,はしらうぃんぐきゃっち
サイドバンパーステイ,802,さいどばんぱーすてい
幌骨,803,ほろほね
ユニット,804,ゆにっと
中蓋え,805,ちゅうふたえ
インナーシールパネル,806,いんなじるぱねる
アドブルータンクステイ,807,あどぶるたんくすてい
サイドセンサー,808,さいどせんざ
チルドスイッチ,809,ちるどすいっち
エアーパイプ,810,えあーぱいぷ
マーカーランプ,811,まーかーらんぷ
タイヤ灯,812,たいやとう
段塗料,813,だんぬりょう
踊り場塗料,814,踊りばぬりょう
スプリング,815,すぷりんぐ
ウィングホース,816,うぃんぐほーす
泥除けプレート,817,どろじょけぷれーと
テールランプ,818,てーるらんぷ
ダンパー,819,だんぱーー
キャブマウントリンク,820,きゃぶまうんとりんく
リンクブッシュ,821,りんくぶっしゅ
エアサス,822,えあさす
バックランプステイ,823,ばっくらんぷすてい
煽りキャッチハンドル,824,あおりきゃっちはんどる
ナンバープレートブラケット,825,なんばぷれとぶらけっと
ステンレス,826,すてんれす
ショックアブソーバ,827,しょっくあぶぞば
コンプレッサー,828,こんぷれっざ
フロントリーフバンド,829,ふろんとりふばんど
ステップライト,830,すてっぷらいと
ブレーキユニット,831,ぶれきゆにっと
ハンドルカバー,832,はんどるかばー
ホーン,833,ぼん
ワイヤー,834,わいやー
インナーシールサイドパネル,835,いんなじるさいどぱねる
バンパーシリンダー,836,ばんぱーしりんだ
キャッチ受け,837,きゃっち受け
踊場側縞鋼板,838,おどりば側しまこういた
ファーストステップロアカバー,839,ふぁ゜すとすてっぷろあかばー
ペラシャフトプロテクター,840,ぺらしゃふとぷろてくだ
パワステオイルホース,841,ぱわすておいるほーす
ウィングホース,842,うぃんぐほーす
ミリステンボルト,843,みりすてんぼると
ベース板,844,べーすいた
UDPC,845,udpc
腐食ボルト,846,腐食ぼると
カバーナット加工,847,かばーーなっと加こう
燃料ホースコネクター,848,ねんりょうほーすこねくたー
サイレンサー,849,さいれんざ
ウィングセンターキャッチ,850,うぃんぐせんたーきゃっち
パネル蝶番,851,ぱねるちょうつがい
クッション,852,くっしょん
ステンステイ,853,すてんすてい
テールランプステイ,854,てーるらんぷすてい
サンドシュー,855,さんどしゅ
ポールガイド,856,ぽるがいど
ウィングシリンダーオイル,857,うぃんぐしりんだおいる
アウトリガースプリング,858,あうとりがーすぷりんぐ
バンパーフラッシャー,859,ばんぱーふらっしゃ
カプラーガイド,860,かぷらがいど
フロント,861,ふろんと
ロアカバー,862,ろあかばー
タンクホース,863,たんくほーす
タンクバンドマス,864,たんくばんどます
ゴム,865,ごむ
プラットホームブッシュ,866,ぷらっとぼむぶっしゅ
ブレーキブラケット,867,ぶれきぶらけっと
ドアミラーアーム,868,どあみらあむ
ドライバーシートブラケット,869,どらいばじとぶらけっと
ドアパネル,870,どあぱねる
ステップパネル,871,すてっぷぱねる
コンテナロックガード,872,こんてなろっくがーど
