work_item,frequency
"塗装",68
"取消",57
"左サイドガード脱着",37
"錆止め塗装",32
"反射板取替",26
"燃料タンク脱着",26
"スプリングシート4箇所亀裂溶接",26
"取り付け部分修正",22
"取付部分修正",21
"インナーバンパー",19
"ライニング8枚張替",17
"コーキング処理",16
"フェンダー脱着",16
"燃料タンクバンド２本取替",16
"リヤバンパー取替",15
"左ファーストステップ",15
"他部品組替",14
"下回り塗装",14
"カバー",14
"コーキング入替",13
"フロントバンパー",13
"右後ろ煽りドアスケット取替",13
"燃料タンクバンド2本取替",13
"左フィニッシャー",13
"左ヘッドライト",13
"ボルト折れ込み修理",13
"ライニング4枚張替",13
"右コーナーパネル脱着",12
"フェンダーステー脱着",12
"フロントリッド",12
"修正",12
"ブラケット取替",11
"カバー取替",11
"リレーバルブ交換",11
"建付け調整",10
"ヘッドライト",10
"右ヘッドライト",10
"左タイヤハウスカバー脱着",10
"ステー脱着",9
"躍場左縞鋼板脱着",9
"バンド２本取替",9
"リベット打ち替え",9
"ステー曲がり直し",9
"反射板取替加工",9
"右フィニッシャー",9
"エアードライヤー",9
"フォグランプ",9
"部品組替",8
"燃料タンクバンド1本取替",8
"ボルト切断取替",8
"亀裂溶接",8
"エンジンカバー脱着",8
"フロントグリル脱着",8
"燃料入替",8
"ライニング張替4枚",8
"サイドガード脱着",8
"ストライカー交換",8
"フラッシャー交換",8
"コーキング",8
"右ファーストステップ",8
"左後ろスケット取替",7
"リヤバンパー",7
"ステー脱着曲がり直し",7
"ボルト折れ込み取外し加工",7
"フロントグリル取替",7
"調整",7
"ウィング蝶番グリスアップ",7
"グリスアップ",7
"右ドア内張脱着",7
"左フォグランプ",7
"ライニング張替8枚",7
"右ドアーストリップゴム脱着",7
"ウィング蝶番点検",7
"ねじ山修正",7
"燃料タンク",7
"ボルト折れ込み取外し",6
"スカッフプレート",6
"ドライバーシート脱着",6
"消火器取付",6
"左コーナーパネル脱着",6
"作業部塗装",6
"メッキパーツ取付",6
"ネジ山修正",6
"左サイドガードASSY脱着",6
"躍場縞鋼板全面脱着",6
"左ミラー",6
"タンクバンド2本取替",6
"補強製作取付加工",6
"ブラケット曲がり直し",6
"燃料タンクバンド取替",6
"シャシ",6
"折損溶接",6
"左右リヤショックアブソーバー取替",6
"点検",6
"ライニング2枚張替",6
"フラッシャー脱着",6
"リレーバルブ取替",6
"左右ステップブラケット脱着修正",6
"取り付け部修正",6
"ステップブラケット脱着修正",6
"左コーナーパネル取替",6
"右タイヤハウスカバー脱着",6
"左右ファーストステップブラケット脱着修正",6
"バイザー",6
"ストライカー取替",5
"右前スケット取替",5
"部品組み換え",5
"シルバー塗装",5
"他部品付替え",5
"アンダーミラー取替",5
"インナーバンパー修正",5
"左サイドガード折損溶接",5
"嚙み込みボルト切断取替",5
"左右ショックアブソーバー取替",5
"取替",5
"泥除けゴム脱着",5
"左右フロントショックアブソーバー取替",5
"リフレクター取替",5
"右ドアー建付け調整",5
"清掃",5
"左右泥除けゴム取替加工",5
"ラッチ",5
"右コーナーパネル",5
"グリル脱着",5
"ドア建付け調整",5
"バンド取替",5
"ライニング張替",5
"左コーナーパネル",5
"ライニング12枚張替",5
"ミラー付替え",5
"オイルミスト取替",5
"セカンドステップ",5
"ロアフェンダー交換",5
"ステイ修正",5
"左セカンドステップ",5
"ショートパーツ",5
"左コーナーパネル取替え",5
"フロアーマット",5
"ジャバラパイプ脱着",4
"左タイヤハウスカバー脱着修正",4
"他付替え",4
"右サイドガード脱着",4
"左右反射板取替",4
"亀裂カット溶接",4
"リヤバンパー脱着",4
"前後ナンバーボルト脱着タップ掛け",4
"サイドアンダーミラー取替",4
"テールパイプ",4
"コーキング加工",4
"コーナーカバー取替",4
"燃料タンク取替",4
"脱着",4
"左右ステー取替",4
"燃料抜き入れ",4
"中間ホース取替",4
"全面タップ掛け",4
"燃料抜き",4
"作業灯ステー4個製作取付加工",4
"インナーバンパー取替",4
"右テールランプ脱着",4
"反射板2枚取替",4
"右ドアー内張脱着",4
"大型反射板取替",4
"化粧板脱着付替え",4
"タンクバンド２本取替",4
"ジャバラパイプ取替",4
"ステー",4
"バンド2本",4
"ラッチ交換",4
"燃料タンク交換",4
"右フラッシャー",4
"バンパー",4
"取替加工",4
"ステー修正",4
"ライニング16枚張替",4
"アウトリガー突っ張り棒製作取替",4
"エンジン折れ込みボルト修理",4
"エアードライヤー交換",4
"オイルミスト交換",4
"左コーナーカバー",4
"自重計取替",4
"左ミラーアーム",4
"グリル",4
"反射板取替穴掘り加工",4
"フラッシャー",4
"左テールランプ脱着",4
"エンドカバー",4
"右メッキコーナーパネル取替",4
"右ヘッドライト取替",4
"ステー取替",4
"スプラッシュボード鈑金",4
"タイヤハウスカバー脱着",4
"ナンバーブラケット溶接",4
"ドアー建付け調整",4
"フェンダー",4
"アンダーカバー交換",4
"塗料",4
"左セカンドステップ脱着",4
"床枠塗装",4
"スカッフプレート脱着",3
"ウェザーストリップゴム取替",3
"タップ掛け",3
"右前セイコーラック取替加工",3
"リブ制作取付溶接3か所",3
"助手席",3
"フロアーマット脱着",3
"テールパイプ取替",3
"右バンパーフィニッシャー取替",3
"テールパイプ脱着",3
"煽りドアスケット調整",3
"床板前側破損部分張替加工",3
"折損部修正取付溶接",3
"バックカメラ中央移設加工",3
"リヤステップバンパーASSY取替",3
"枠骨曲がり直し",3
"蝶番脱着曲がり直し",3
"亀裂ステン溶接",3
"マウントブリッジ脱着",3
"格子蓋制作取付溶接2ヵ所",3
"左ドアパネルASSY取替",3
"ドアフラッシャー取替",3
"ミラー",3
"サイドミラー",3
"ミラーアーム取替",3
"右ライトベゼル取替",3
"ボルト折れ込み取外し取替加工",3
"左右リヤ泥除けゴム取替加工",3
"右テールランプ",3
"ヒンジ",3
"インナーバンパー引出し修正",3
"UDマーク",3
"カバー取付",3
"繋ぎホース取替",3
"ドライバーシート座面取替",3
"取付部分修正鈑金",3
"左後ろ煽りドア取替",3
"右ドア建付け調整",3
"右フォグランプ",3
"工具箱脱着",3
"左ドアフラッシャー取替",3
"ウィング雨漏れ点検",3
"付替え加工",3
"燃料タンク点検",3
"左右煽りドア開閉補助装置4個調整",3
"ステー脱着鈑金",3
"ゲージ付替え",3
"インナーバンパー引出し鈑金",3
"ライニング張替12枚",3
"アーム交換",3
"アッパーフェンダー",3
"バックランプ交換",3
"補強取付加工",3
"嚙み込みボルト切断取替加工",3
"取付部修正",3
"右サイドガード折損溶接",3
"フロントリッド嚙み込み修理",3
"ブレーキライニング8枚張替",3
"右ドア鈑金",3
"アンダーミラー交換",3
"部品付替え",3
"取り付け部分鈑金",3
"メイン燃料タンク",3
"ホース２本取替",3
"左右ヘッドライト",3
"カプラースイッチ取り換え加工",3
"フロントグリル",3
"マッドガード脱着",3
"左サイドガード",3
"ステイ脱着曲がり直し",3
"ボルト折れ込み取り換え加工",3
"センター泥除けプレート脱着切断加工",3
"ぺタックス2メートル",3
"アッパーフェンダー修正",3
"右コーナーパネル交換",3
"ピラー応急引出し",3
"取り付け部分曲がり直し",3
"左タイヤハウスカバー",3
"キャッチ",3
"リヤナンバーブラケット脱着移設加工",3
"ロアフェンダー取替",3
"ロアフェンダー取替修正",3
"左右反射板プレート制作取付加工",3
"セカンドステップ脱着",3
"ステイ交換",3
"右セカンドステップ",3
"カバー脱着",3
"右スカッフプレート",3
"左ドアー応急曲がり直し",3
"左バンパーフィニッシャー脱着",3
"フロアーパネル鈑金",3
"ヒーターパイプ応急溶接",2
"右サイドガード折損部修正取付溶接",2
"右ミラーアーム脱着",2
"右ドアー捻じれ直し",2
"ドアー蝶番脱着修正コーキング入替",2
"サイドガードマフラーカバー曲がり直し",2
"バンパーグリル",2
"左右ファーストステップカバー",2
"左右コーナーバンパー",2
"左右バンパーフィニッシャー脱着",2
"左右フォグランプ取替",2
"作業灯ステー4本製作取付加工",2
"アンダーカバー取替",2
"左アウトリガーランディングパット取替",2
"折損パイプ取付溶接",2
"左サイド",2
"リア内張脱着",2
"左カーテンレール",2
"シートベルト",2
"ウォッシャータンク",2
"ドアースイッチ脱着",2
"ベット",2
"踊場脱着",2
"ステン泥除け枠折損部取付溶接",2
"フロントリッド取替",2
"センター泥除けゴムブラケット取外し",2
"リヤバンパーステーボルト切断",2
"左右バンパーステー取替",2
"リヤバンパー取替調整加工",2
"フレーム清掃",2
"フロントバンパー脱着",2
"アーム",2
"右反射板脱着曲がり直し",2
"マーカーランプ取り外しステー曲がり直し",2
"リフレクターブラケット脱着修正",2
"メッキミラーカバー付替え加工",2
"左サイドガードパイプ腐食部分切替加工溶接",2
"左観音扉コーナーカバー板金塗装",2
"右カプラーガイドブラケット脱着切断鈑金溶接",2
"ボルト",2
"ボルト取替",2
"キャスターストッパーアングル脱着",2
"折れ込みボルト取替",2
"ステン溶接切断取外し",2
"左右泥除けゴム取替加工２枚",2
"右スケットアーム脱着分解鈑金加工",2
"亀裂溶接2カ所",2
"右リーフスプリングバンド折損部修正取付溶接",2
"オイルパン折れ込みボルト取外し",2
"右サイドガード腐食部分15Aパイプ切替溶接3本",2
"アーム穴掘り改造加工",2
"右後ろスケットアーム取替加工",2
"リヤ鋼板表裏亀裂カット溶接16カ所",2
"工具箱ブラケット腐食ステー2本切断製作取替溶接",2
"燃料抜き取り",2
"タンクバンド切断切替加工溶接",2
"タンクブラケット応急曲がり直し",2
"リヤ鋼板表裏亀裂カット溶接22カ所",2
"右マッドガード",2
"マフラーカバー",2
"左キャスターストッパー切断取り外しコーキング入替加工",2
"8ミリボルト切断取替",2
"燃料タンクキャップパッキン取替2枚",2
"キャップ締め口引出し修正",2
"右メッキフィニッシャー取替",2
"躍場脱着",2
"フレーム穴掘り加工",2
"マッドガード",2
"右サイドガード15Aパイプ1本取付溶接",2
"サイドガード",2
"フレーム亀裂溶接4ヶ所",2
"プレマフラー脱着",2
"腐食ボルト切断取替加工",2
"ドライバーシートASSY取替",2
"左右反射板取替加工",2
"躍場左縞鋼板脱着曲がり直し",2
"ボルト1本ステンナット取付",2
"左観音扉2カ所鈑金",2
"右後ろ泥除けゴム取替加工",2
"右付替え",2
"ワイヤー引換",2
"バンド1本取替",2
"ドアラッチ取替",2
"取り外し",2
"プラットホーム縞板脱着",2
"中間エキゾーストパイプ脱着",2
"クッションゴム貼替接着",2
"タイコマフラー脱着",2
"ミラー取替一式",2
"曲がり直し",2
"フロント左右ショックアブソーバー取替",2
"付替え",2
"左リヤフェンダー前側",2
"左アーチゴム取替",2
"穴掘り付替え加工",2
"左前煽りドアスケット取替",2
"竹箒入れ制作取付溶接",2
"（材料込み）",2
"ブラケット脱着",2
"バックランプ脱着",2
"左右ステー曲がり直し",2
"竹箒入れ制作取付溶接塗装（材料込み）",2
"荷台亀裂切鉄板張り加工溶接",2
"アンダーミラー",2
"左前スケット取替",2
"サイドガードステー脱着",2
"燃料タンク2個脱着",2
"左ウィング中板全面脱着",2
"ラッシングレール脱着",2
"リベット打ち替え加工",2
"センタースロットル脱着鈑金",2
"右バンパーフィニシャー取替",2
"リヤバンパー取替改装加工一式",2
"蝶番グリスアップ",2
"左踊場縞鋼板脱着",2
"フロントバンパー全面",2
"バンパーステップ取替",2
"スッケト取替2個",2
"ステー脱着点検",2
"左右サイドガード折損部修正取付溶接4ヶ所",2
"工具箱ステー折損部修正取付溶接",2
"架台右上下レール2㎝カット",2
"反射板脱着付替え",2
"バイザー取替",2
"ステー左右取替",2
"左フロントフェンダーマッドガード取替",2
"左前持込スケット取替加工",2
"右後ろ煽りドア亀裂カット修正",2
"アルミ溶接仕上",2
"左右後ろ煽りドア開閉点検",2
"右前後スケット調整",2
"左右フロントマッドガードゴム取替加工",2
"抑え取り外し",2
"横根太修正",2
"出張",2
"高速料金",2
"スプリングシート4箇所前後亀裂点検カット溶接",2
"左右テールランプ脱着",2
"右ウィング開閉補助装置取替",2
"スイッチステー切断付替え加工",2
"左サイドガード後ろステー折損部修正取付溶接",2
"サイドブレーキハンドル",2
"ギヤボックス取替",2
"右滑り台脱着",2
"鈑金亀裂溶接",2
"サイドミラー取替",2
"左サイドミラー取替",2
"左右泥除けゴム2枚取替加工",2
"左右ステー脱着修正",2
"補強材脱着",2
"アドブルーキャップ分解取外し取替",2
"荷台ベニヤ板脱着",2
"抑え切断",2
"ぺタックス応急貼付",2
"右ウィング中板脱着",2
"フラッシャーランプ取替インナーバンパー鈑金",2
"左右ステンロックスイッチステー脱着Z曲げ加工リベット打ち替え6本",2
"リヤ左右キャブショックアブソーバー取替",2
"リヤ大型反射板取替",2
"ドライバーシート脱着分解",2
"左ミラーアーム修正",2
"左スケット２個取替",2
"左フィニッシャー取替",2
"取付溶接",2
"リヤカバー",2
"左ハーネスステー脱着",2
"ハンドブレーキASSY切断取替溶接",2
"床板破損部張替加工",2
"左前コンテナロックピン取付",2
"ガイド曲がり直し",2
"左ミラーアーム取替",2
"ボルト折れ込み取外し取替加工2本",2
"補強取付溶接",2
"アドブルーキャップ分解取外し",2
"コンテナロックリターンスプリング取付",2
"リヤ泥除けゴム脱着",2
"切断加工4枚",2
"左後ろ煽りドアスケット取替",2
"左ステップカバー",2
"メッキカバー取付",2
"センサー",2
"ステー鈑金取付溶接",2
"ブラケット加工",2
"床板張替",2
"燃料タンクバンド取替2本",2
"サイドバンパー脱着",2
"取替溶接",2
"センターバンパー",2
"右フラッシャー取替",2
"左スケット取替",2
"左ミラー取替",2
"左右フレームハンガー部分亀裂カット溶接仕上",2
"補強材6枚製作応急取付溶接（材料込み）",2
"バッテリー脱着",2
"左右ウィングキャッチ4個取替",2
"左右タイヤハウスカバー脱着",2
"左ウィング幌後ろ押え切断曲がり直し",2
"ボルト切断取替加工",2
"ブラケット2本",2
"内張脱着",2
"ライニング張替２枚",2
"左コーナーパネル交換",2
"中古部品取外し",2
"ドライバーシート交換",2
"応急修理",2
"ステー交換",2
"ボルト折損修理",2
"溶接切断",2
"横根太穴掘りボルト留め加工",2
"左右サイドガード修正",2
"左右リヤ泥除けゴム脱着切断付替え加工",2
"20Aパイプ切替加工溶接",2
"ウィング蝶番点検グリスアップ",2
"フロントキャブショック左右交換",2
"左フィニシャー交換",2
"左右泥除けゴム作成",2
"リヤ反射板取替加工",2
"ウィングフロント左右枠骨腐食部分修理",2
"蝶番補強修理",2
"リヤバンパー取替加工",2
"キャブチルドシリンダー交換",2
"ナンバー灯交換",2
"床面鉄板張り加工",2
"ブラケット交換",2
"歯止め入れ製作",2
"ゴミ箱製作",2
"作業台製作",2
"ドアヒンジ交換",2
"事故修理",2
"テールパイプ交換",2
"ステップ穴掘り付替え加工",2
"開き止め取替加工",2
"左右前後フェリーフックブラケット製作取り付け加工4ヶ所",2
"自重計交換",2
"左サイドバンパー鈑金･塗装",2
"プラットホーム異音点検･プラットホーム縞鋼板亀裂応急処置･バッテリー蓋蝶番修正ブッシュ貼付",2
"ステンサイドガード折損修正ステン溶接2カ所",2
"2軸左右",2
"3軸左右バックプレート取替",2
"清掃作業",2
"ダッシュボード1部脱着",2
"アシストグリップ取り付け破損部分鈑金溶接",2
"左ウィング枠骨曲がり直し切替鈑金",2
"通しパイプ切替鈑金",2
"前枠曲がり直し",2
"右フラッシャー脱着",2
"ドライバーシートASSY交換",2
"ダイナモ修正",2
"固定ボルト1本取替ブッシュ取付加工",2
"1本ブッシュ製作応急固定加工",2
"左腐食部分切り替え加工溶接",2
"交換",2
"ボルト嚙み込み切断",2
"煽りドア点検見積",2
"左センタースロットル脱着",2
"右ドアパネルASSY交換",2
"シートデッキ左ブラケット修正亀裂溶接",2
"キャッチ受け脱着付替え加工",2
"左右大型反射板取替",2
"リヤステップバンパー取替",2
"左ミラーアーム脱着修正",2
"セイコーラック取替",2
"取付",2
"ニップル折れ込み",2
"タップ掛け取替作業",2
"左右床枠ボルト折れ込み修理2本",2
"マーカーランプ脱着",2
"右ミラーアーム付替え",2
"コーナーパネル脱着作業3回",2
"プラットホームゴム貼付",2
"左右サイドガード折損溶接6カ所",2
"左後ろセイコーラック取替",2
"右リヤフェンダー穴掘り取替加工",2
"右ステップブラケット脱着修正",2
"キャブチルドシリンダー",2
"右テールランプレンズ交換",2
"リフレクター取付",2
"折損修正溶接",2
"ライニング6枚張替",2
"インナーバンパー交換",2
"左フォグランプ交換",2
"プラットホーム1枚交換",2
"バッテリー蓋キャッチ脱着応急修理",2
"コーナーパネル脱着ステイ曲がり直し",2
"左サイドガード折損補強取り付けステン溶接",2
"左右ツイストロック鈑金修理",2
"ピンカット",2
"ガイドステイ製作",2
"台車ブレーキハンドル嚙み込み修理",2
"リヤゲート亀裂応急ステン溶接",2
"マフラーテールパイプブラケット脱着応急修理",2
"リヤ反射板取替",2
"左右三角リフレクター取替",2
"左テールレンズ交換",2
"左ミラー修理",2
"燃料タンク取り付け",2
"バンド２本取替え",2
"繋ぎホース取替え",2
"溶接修理",2
"左ウィングシリンダー２本取替",2
"プロペラシャフトガード折損溶接",2
"右コーナーパネル脱着ステー曲がり直し",2
"右ドアー蝶番交換",2
"左サイドガード1本切替加工溶接",2
"左右フェンダー脱着穴掘り加工",2
"散水車フロントバンパー前側配管取付加工（部品持ち込み）",2
"ラテラルロッド交換",2
"右工具箱",2
"燃料タンクバンド脱着",2
"タイヤハウスカバー",2
"チルドシリンダー",2
"ラッチ応急修理",2
"アクセルペダル取替",2
"右前ウィングキャッチ受け交換",2
"工具箱前後2カ所ステイ腐食曲げ鋼材製作溶接鈑金修理",2
"カプラー点検解除",2
"キャップ交換",2
"サイドブレーキブラケット亀裂溶接",2
"歯止め入れ付替え",2
"ボルト折れ込み修理2本",2
"架台ジョルダーホイストステイ折損修正応急取り付け溶接",2
"鳥居錆落とし応急塗装",2
"カプラースイッチ加工",2
"アーチゴム取替加工",2
"エンジンカバー",2
"エアタンク交換",2
"反射板取替コーキング処理",2
"サーモバルブ取付ボルト折れ込み修理",2
"ボデー床面滑り止め貼り付け",2
"右フェンダー亀裂溶接",2
"マーカーランプ",2
"テールランプ",2
"ユニット",2
"カバー交換",2
"左前コーナーキャスティング取替加工",2
"フロントリッド脱着",2
"リヤナンバーボルト折れ込み修理",2
"左バックミラー",2
"左テールランプ交換",2
"コーナーパネル脱着",2
"ブッシュ切断交換",2
"ステイ取替",2
"ハーネス交換",2
"キャブサスレベリングバルブ交換",2
"コーナーランプ",2
"バンパーフラッシャー交換",2
"取り付け部引出し鈑金",2
"コーナーパネル脱着曲がり直し",2
"バンパー応急引出し",2
"ブラケット鈑金修理",2
"DPFマフラーセンサーボルト折れ込み修理",2
"キャブマウントリンク脱着",2
"ホイール塗装4本",2
"右ストッパー交換",2
"レギュレター",2
"補修塗装",2
"バンド２本",2
"DPFマフラーカバーボルト折れ込み取外し加工2本",2
"左ウェザーストリップゴム取替",2
"左アッパーフェンダー取替",2
"左右バックランプ付替え",2
"左ステー制作取付",2
"右ステー穴掘り加工",2
"右ドアーパネル",2
"破損部分切断鈑金溶接",2
"10ミリボルトASSY",2
"ケーブル脱着",2
"右フレーム曲がり直しカプラーステー鈑金",2
"12ミリボルト切断取替",2
"アングル穴開けテーパー加工",2
"左右後ろ煽りドアスケット取替２個",2
"バックガード脱着2枚",2
"左テールランプブッシュボルト２個切断取替",2
"フォグランプ脱着",2
"ステー鈑金",2
"支柱折損部補強制作取付溶接",2
"ボデー右排水口鉄格子切断取外し",2
"スプラッシュシールゴム取替",2
"メッキ貼付",2
"右サイドガードステー修正取付溶接",2
"左右後ろスケット2個取替",2
"6ミリボルトASSY8セット",2
"ウィングシート破損部ぺタックス貼付16カ所",2
"アピトン材8枚",2
"インナーバンパー脱着修正",2
"右サイドガード折損部修正補強入れ溶接（材料別）",2
"ウィンドシールドロアパネル応急引出し鈑金",2
"反射板リベット打ち替え",2
"左コーナーパネルカバー取付",2
"サイドガード折損部修正溶接2カ所",2
"左幌骨パイプ腐食部分切断切替加工溶接",2
"クッションボード脱着応急付替え修理",2
"フロントリッド嚙み込み取外し",2
"ライニング6枚張り替え",2
"右ウィング枠骨破損部分修正溶接",2
"アウターハンドル",2
"左テールランプブラケット曲がり直し",2
"ショートパーツ（ボルト",2
"カラー",2
"ブッシュゴム）",2
"20Aパイプ（UD支給品1本）",2
"クロスメンバー取付ボルト4本切断取替加工",2
"左ドアパネルASSY",2
"補強材取付加工溶接",2
"ピラー引出し修正",2
"メッキガーニッシュ張り",2
"バイザー貼付",2
"スプラッシュゴム取替",2
"サイドセンサーカバー取替",2
"キャブチルドシリンダーオイルホース２本取替",2
"左テールランプレンズ交換",2
"ホイールカバー全輪脱着",2
"フロントナンバー枠取り外し",2
"三角リフレクター2枚取替",2
"左アッパーフェンダー",2
"左サイドガード切替加工",2
"左右泥除けゴム交換",2
"アルミ押さえステイ製作取付2枚",2
"オイルミストセパレーター交換",2
"リフレクター",2
"バックカメラステイ製作取付加工",2
"左右フェンダー補強ステイ4本取付加工",2
"左スカッフプレート脱着",2
"クロスメンバー腐食鋼板貼付溶接修理",2
"ウィングホイストオイルブラケット脱着",2
"ステイ脱着亀裂補強取り付け溶接",2
"左右アーチゴム取替",2
"マーク交換",2
"ラッチ取替",2
"バンパーステイ取替",2
"突っ張りステー脱着鈑金",2
"取り付け修正",2
"踊場右枠骨ボルト折れ込み取外し取替加工",2
"左クウォーターガラス",2
"ペンチレーター付替え",2
"右リヤフェンダーブラケット",2
"アーチゴム取替",2
"泥除けゴム付替え",2
"右サイドガード泥除けボード亀裂カットステン溶接",2
"5㎜ドリル",2
"トルクスビット",2
"丸ノコ",2
"UD在庫品",2
"グリルステー曲がり直し鈑金",2
"ルーフ腐食部分切断補強取付加工",2
"水抜き穴製作",2
"メッキカバー取替",2
"左右反射板取替穴掘り加工",2
"キャッチ曲がり直し",2
"ブラケット脱着修正",2
"左リヤフェンダーブラケット脱着折損修正溶接",2
"ドアー研磨仕上げ",2
"ボデー右後ろ支柱塗装",2
"リフレクター交換",2
"左バンパーステー脱着曲がり直し",2
"20Aパイプ1本（UD在庫品）",2
"エアタンクステイ腐食補強取り付け溶接鈑金修理",2
"ミラーアーム交換",2
"キャブキャッチレバーブラケット脱着",2
"パネル引出し鈑金",2
"作業部黒塗装",2
"ガーニッシュ",2
"レンズ取替",2
"左バンパーフィニッシャー",2
"ステー曲がり直し鈑金",2
"左インシール応急引出し修正",2
"ステー修正取り付け溶接",2
"取り付け部分応急引出し鈑金",2
"エアータンク",2
"ホース左右脱着",2
"ボルト切断取替加工４本",2
"フロントグリル交換",2
"コーナーパネルステー曲がり直し鈑金",2
"3.2㎜コの字曲げ鋼材14本",2
"左ドアパネルASSY交換",2
"左フレーム腐食鋼板貼付溶接鈑金修理",2
"ロアフェンダー",2
"ブラケット",2
"ガード",2
"左右コーナーパネル取替",2
"エアコンコンデンサ脱着",2
"キーシリンダー付替え",2
"15Aパイプ",2
"3×40アングル　（UD在庫）",2
"バンパーステー",2
"コーナーパネル",2
"フロントグリル交換一式",2
"2.3㎜鋼材切り板",2
"ドライバーシート",2
"左ファーストステップロアカバー取替",2
"左アッパーフェンダー脱着",2
"ドアスイッチ",2
"インナーバンパー鈑金",2
"アクセルペダル",2
"左クウォーターパネル取替加工",2
"右サイド硝子取替",2
"硝子清掃",2
"インナーパネル引出し鈑金",2
"キャップ取替",2
"左ハンドルグリップ取替溶接ナット取替加工",2
"左ステップ脱着修正",2
"バッテリー上側踊場縞鋼板脱着曲がり直し",1
"蝶番脱着調整",1
"ストライカー曲がり調整異音止め加工",1
"右ドアー研磨仕上げ",1
"左観音扉蝶番脱着調整",1
"右サニーホース取り外し",1
"押えボルト折れ込み取替加工２本",1
"右ウイングシート下側脱着張替",1
"反射板ステー曲がり直し",1
"マフラーカバー取付",1
"左右サイドガード亀裂溶接4ヶ所",1
"パイプ応急穴埋め溶接",1
"左前ウィングキャッチ取替",1
"左右サイドガードステー3本腐食折損部補強リブ取付加工溶接",1
"右後ろサイドガード溶接",1
"左右3ヶ所イコライザーロックピン修正ロック切断固定溶接",1
"ロック下駄取付加工溶接",1
"フロントバンパー右異音点検",1
"ブレ止めステー製作取替加工",1
"右後ろセイコーラックアーム応急曲がり直し",1
"ピン取付",1
"煽り蝶番ピン取付穴掘り加工３本",1
"後ろ横根太折損部修正",1
"補強リブ制作取付加工溶接",1
"リヤゲート戸当たりゴム取付",1
"ワッシャー追加取付",1
"リヤナンバーボルト折れ込み取外し取替",1
"フロントリッドグリル脱着グロメット取替貼付",1
"UDPCマフラー取外し",1
"腐食ボルト折れ込み取外し加工",1
"左右キャスターストッパー溶接部分切断取外し仕上げ",1
"フラットバー切断廃棄",1
"押えアングル止め加工",1
"左観音扉下側中板一部分切替加工",1
"開き止め付替え加工",1
"左煽りドアー蝶番ボルト３本取付",1
"左ウイング後ろウイングキャッチブラケット折損部補強リブ取付加工",1
"シートカバー修正取付加工",1
"ボデー床板破損部分３ヶ所張替加工",1
"ウィングシート破れ部分補修シート貼付コーキング止め6か所",1
"エアタンクドレインコック取替",1
"エアーホース取り外し",1
"左アウトリガー脱着付替え",1
"左サイドガード２本",1
"ステー一式取替",1
"マーカーランプステー切断鈑金取替加工溶接",1
"マフラーカバー脱着",1
"フレキシブルパイプ取替",1
"右テールランプカバー取付",1
"右セイコーラック取替",1
"右サイドガードマフラーパイプガード枠鈑金",1
"左右後ろウイングキャッチ取替",1
"スカート",1
"左バンパー",1
"左コーナーカバー取替",1
"ハウジング取り付けボルト折れ込み取外し加工",1
"腐食スタッドボルト取外し加工",1
"右ドライブシャフト脱着",1
"ドライバーシートassy脱着",1
"リクライニングシート分解破損部鈑金溶接",1
"シートブラケット増し締め点検",1
"幌骨差込口脱着６ミリリベット打替え",1
"タイコマフラーバンド脱着折損部取付溶接10ミリボルト2本切断取替",1
"右前ウイングシート幌骨パイプ切替溶接",1
"腐食切断",1
"左右煽りドアスケット点検",1
"左スケット2ヶ調整",1
"リヤバンパー修正鈑金加工",1
"左右泥除け後ろ煽りドアスケット取替",1
"補強プレート穴掘り加工取替",1
"右ドアー蝶番調整",1
"ドアパネル捻じれ直し",1
"右煽りドアスケット取替",1
"左右観音扉ハンドルシャフト4本固着錆落とし",1
"可動修正",1
"フロントリッド嚙み込み取外しワイヤー取付",1
"リヤ鋼板ステンレス化粧板全面亀裂カットオールステン溶接",1
"右前フェンダー泥除けゴム取替加工",1
"嚙み込み10ミリボルト取替加工１本",1
"コンテナロックレバー折損部切断曲がり直し溶接",1
"フロントグリル付替え",1
"ボデー左右キャスターストッパー延長加工製作",1
"リヤバンパーカバー取付",1
"フロントリッドグリル脱着クリップ取替",1
"左右戸当たりゴム取付加工",1
"ウイングスイッチ脱着",1
"燃料タンク脱着バンド取替",1
"部品込み",1
"右側破損部応急修正",1
"折れ込みボルト取外し取替加工",1
"右ウイング前枠骨切断脱着鈑金",1
"ブラケット製作切替溶接",1
"幌右上雨漏れ応急補修テープ貼コーキング留め",1
"タイヤ灯ステー製作塗装取付溶接",1
"右リア泥除けゴム脱着",1
"押さえ製作取付",1
"フロントバンパーグリル脱着",1
"バンパースポイラー脱着",1
"センターフィニッシャー取替",1
"左フェンダーブラケット折損部取付加工溶接",1
"リヤゲート左右ヒンジ修正",1
"ウイングシートあまもれ点検",1
"シート袋水抜き",1
"内装応急補修テープ貼付",1
"天井破れ部分テープ貼付コーキング補修",1
"泥除けボルト止め式アングル製作取付加工",1
"左右リヤバンパーステーカバー制作取付溶接",1
"マニュホルド折れ込みスタッドボルト２本取外し加工",1
"UDマーク取替",1
"右キャッチ脱着引出し修正",1
"左右フロントスプリングバンドカット修正溶接",1
"床板左破損部分張替加工",1
"ベゼル取替",1
"取付部分ステー引出し修正",1
"フォグランプカバー取替",1
"左バンパーステップ取替",1
"右メッキミラー",1
"高速ミラー取替",1
"右ドアーパネル取替",1
"風防補強ステー溶接",1
"リヤ泥除けゴム取替",1
"リヤゲート左右アッパーヒンジASSY切断取替溶接",1
"リヤゲート捻じれ直し",1
"踊場フレーム亀裂カット溶接",1
"ステー脱着折損部取付溶接",1
"縞鋼板折損部ワッシャー取付",1
"ジャバラパイプブラケット脱着",1
"Uバンド加工取替",1
"ボデーリアカーテン脱着",1
"カーテンレール脱着切断位置替え溶接",1
"コーキング補修",1
"フロントバンパー点検突っ張りステー取替",1
"枕木取付",1
"ガゼットボルト取付",1
"ステップバンパーボルト取替",1
"ボデー床板前側腐食切断床板張替加工",1
"中央前側床板張替段付き加工",1
"中央前側床鉄板腐食切替加工溶接",1
"左後ろ泥除けゴム",1
"振れ止め折損部カットステン溶接",1
"フロントバンパー左右フィニッシャー",1
"センターフィニッシャー脱着",1
"フィニッシャーステー脱着曲がり直し",1
"左コボレーン枠切断曲がり直しステン溶接",1
"ステン鋼板１枚脱着曲がり直し付替え加工",1
"左右観音扉コンパネ立て上側ステー４本脱着",1
"リベット打ち替えコーキング加工",1
"ジャバラパイプステー脱着",1
"クランプ取替",1
"ジャバラパイプ下側腐食部分切り替え加工溶接",1
"右前スケットアームピン取付",1
"ツイストロックリターンスプリング取付",1
"タイコマフラー",1
"マニュホルド脱着",1
"ガスケット",1
"タイコマフラー前側腐食パイプ切断取替加工溶接",1
"工具箱押さえ制作取付",1
"サイドアンダーミラー脱着点検",1
"穴掘りボルト２本止め固定加工",1
"左前サイドガードステー修正タップ掛けボルト取付",1
"ボデー中央床縞鋼板切断取替加工溶接",1
"縞板底床板腐食部分張替加工",1
"右サイドガード折損部修正溶接6カ所",1
"左サイドガード折損部修正溶接4ヶ所",1
"20Aパイプ1ヶ所切り替え加工溶接",1
"右サイドガード折損部2カ所修正溶接",1
"カーテンレール製作取替加工",1
"カーテン脱着付替えリング切断取替加工",1
"タカラポストキャッチ取替",1
"コーナーランプ脱着",1
"左ドアー蝶番取替",1
"テールパイプ異音点検",1
"パイプ脱着",1
"クランプ脱着修正",1
"ブッシュゴム脱着追加加工",1
"左右スケットスプリング脱着調整",1
"スケット固定ボルト10ミリ穴掘り取替加工２本",1
"左後ろセイコーラック切断取替",1
"ガードステー脱着",1
"左右ラッシングレール取付加工",1
"左右スケット取替4個",1
"スケット補強ブラケット4枚脱着",1
"ナンバープレート封印取外し",1
"腐食固定ボルト切断取替加工溶接２本",1
"ボルト切断取替1本",1
"左サイドガードステン化粧板脱着両面テープ貼り付け",1
"5ミリリベット３本打ち替え",1
"リベット２本増し打ち加工",1
"右スケット取替",1
"左右後ろスケット取替２個",1
"左右前スケット調整２個",1
"メッキフロントバンパー",1
"モール",1
"スカート取替",1
"ノックスセンサー取付ボルト折れ込み取外しタップ掛け加工２本",1
"ケーブル",1
"クランプ脱着",1
"右前ウィングキャッチ受けステンステー脱着曲がり直し",1
"嚙み込みボルト２本切断取替加工",1
"ステー取付部支柱脱着6ミリリベット止め加工",1
"燃料タンクホースバンド取替",1
"左サイドガード脱着鈑金",1
"滑り止め貼替",1
"マーカーランプステー",1
"左バンパーコーナーカバー脱着修正",1
"左バンパーフィニッシャー曲がり直し",1
"左煽りドア幌立てリベット打ち",1
"幌骨収納ケース蝶ネジ嚙み込み取外し加工",1
"燃料タンク取外し",1
"幌骨差込ブラケット折損パイプ取付溶接",1
"6ミリリベット打ち３本",1
"左リアフェンダー取替",1
"アーチゴム",1
"泥除けゴム付替え加工",1
"塗料製作",1
"錆止め",1
"シンナー",1
"硬化剤一式",1
"エンジンリアカバー脱着8㎜ボルト2本取替",1
"折損ステー取付リブ入れ溶接",1
"右前ウィングステンキャッチ受け脱着曲がり直し鈑金",1
"ボルト2本ASSY取替",1
"バックプレート脱着",1
"スタンション角パイプ2本取付溶接",1
"左右フック２個取付溶接",1
"リヤバンパーASSY取替",1
"左泥除けゴム取替",1
"ステー脱着応急曲がり直し",1
"左サイドガードステー引出し鈑金",1
"ステー折損部修正取付溶接",1
"左煽りドアー前後2枚ASSY分解取替蝶番付替え加工",1
"スケット２個脱着付替え加工",1
"左右ステー取替一式",1
"右煽りドアスケットスプリング調整２個",1
"右サイドガードステー折損部修正リブ入れ溶接",1
"サイドガード折損部溶接一式",1
"左右中古アーチゴムスプリング鉄板穴掘り12カ所",1
"アーチゴム2枚取替加工",1
"延長ステー左右取付",1
"コンクリート清掃",1
"右前ウィングキャッチ受けレール破損部分曲げ鋼板取付",1
"アルミステー製作取替加工",1
"右テールランプ取替ステー曲がり直し",1
"右テールランプブラケット曲がり直し",1
"中古フロントリッド取替",1
"UDマーク取替加工",1
"リッド部品脱着付替え",1
"左サイドガード折損溶接3か所",1
"左右リヤフェンダー腐食部分錆落とし補修テープ貼替",1
"左右スケット脱着アーム取替加工",1
"左煽り蝶番取替",1
"左右通しボルト型スケット3個取替",1
"横根太ステー脱着",1
"右後スケット取替",1
"反射板4枚位置替え穴掘り取付加工",1
"廃棄反射板2枚取外し",1
"ウィングドアー中板3枚脱着",1
"室内灯脱着",1
"右ウィング幌破損部分表裏補修テープ貼付",1
"リターンスプリング脱着固定加工",1
"マフラーカバー取替",1
"右コーナーランプ脱着加工",1
"右前ピラー応急引出し修正",1
"荷台上段レール修正溶接仕上げ",1
"右後ろセイコーラックアームピン応急取付",1
"雨漏れ点検",1
"センターシート前後補修修理",1
"鳥居コーキング処理",1
"ホースステー切断リブ制作取付溶接",1
"左ステップカバー取替",1
"シートブラケット脱着折損部修正取付加工溶接",1
"反射板曲がり直し取付加工",1
"左後ろスケットアーム取替加工",1
"左前スケットアーム溶接",1
"リベット追加加工",1
"エアーフィルターステー取替",1
"腐食ボルト取外し加工",1
"ボデーリヤパネル下側腐食部分切替加工溶接",1
"錆落とし塗装",1
"ジャンパーソケットコネクター嚙み込み脱着2本取替",1
"左センタースロットルキャッチ取替嚙み込みボルト取外し加工",1
"タイコマフラーブラケット脱着修正",1
"キャブ雨漏れ点検",1
"エアサスコネクターボックス脱着",1
"ブラケット脱着折損部修正補強プレート取付溶接",1
"右前床枠ストッパー切断鈑金加工溶接",1
"左右スケット取替2個",1
"横根太折れ込みボルト取替加工２本",1
"ウィングセンターシート前側破損部分補修テープ貼付2枚コーキング処理",1
"右工具箱ブラケットステー腐食部分製作切替溶接1本",1
"ボルト２本取替加工",1
"右工具箱脱着",1
"錆落とし",1
"ブラケット腐食部分製作切断取替加工溶接２本",1
"左右泥除けゴム2枚取替",1
"化粧板2枚脱着付替え加工",1
"ボデー内レールブラケットボルト取外し",1
"右工具箱ステー腐食製作切断加工溶接",1
"ナンバーブラケット修正",1
"左サイドガードステー折損部修正取付溶接1本",1
"サイドガード亀裂溶接1ヶ所",1
"左右バックランプ脱着",1
"バックランプステー製作取替加工",1
"反射板2枚取替6ミリリベット打ち替え加工",1
"右ファーストステップカバーボルト２本取替",1
"ガタ止め加工",1
"ウィング異音点検",1
"右後ろシリンダー点検",1
"左後ろサイドガードステー折損部落下防止ステー製作応急取付加工",1
"マフラー折損部取付加工溶接",1
"10ミリボルト折れ込み取外し取替加工3本",1
"乗降グリップ脱着",1
"ケーブルハンガーポール取替取付部分修正",1
"右後ろサイドガードステー折損部修正取付溶接",1
"右ドアーストライカー取付ナット修理",1
"三角リフレクター左右取付加工",1
"左後ろウィングキャッチチェーンフック溶接",1
"右ウィングドアー中板１枚取替加工",1
"DPFマフラーセンサーボルト折れ込み取外し加工",1
"折れ込みボルト応急製作溶接",1
"左フェンダーステー取付12ミリボルト2本ASSY取替",1
"左右前後ウィングドアーストリップゴム接着材剝ぎ取り･ストリップゴム接着貼替",1
"右後ろウィングキャッチ受けボルト切断取替加工",1
"フロントインナーバンパー取替一式",1
"左フロント･リヤフェンダー脱着泥除けゴム取替2枚",1
"右メッキフィニッシャー取替･コーナーカバー取替",1
"左右アウトリガーASSY取替加工･パイプ取付ステー左右切断製作取替溶接",1
"アウトリガーハンドルロック制作取付溶接",1
"反射板脱着曲がり直しリベット打ち替え･ステップバンパー曲がり直し鈑金",1
"左サイドガード脱着折損部リブ入れ溶接",1
"フェンダーステー脱着折損部リブ入れ溶接",1
"左煽りドアスケット脱着",1
"サイドガードステー固定リブ制作取付加工",1
"高圧洗浄ガン脱着",1
"折れ込みノズル取外し加工",1
"左サイドガード折損部修正補強プレート取付溶接",1
"バス型サイドガードボルト取付",1
"リヤゲート表裏亀裂カット溶接21カ所",1
"サブタンク燃料移し替え",1
"ウィング幌シート雨漏れ点検6カ所補修テープ貼付",1
"観音扉枠ゴム修正",1
"左右ウィングドアー前後中板脱着",1
"蝶番ブラケット取替加工4本",1
"蝶番取替",1
"左右サイドガード折損部修正溶接9カ所",1
"左前煽りドアキャッチ取替",1
"縞鋼板脱着鈑金",1
"左フレーム取付部分曲がり直し",1
"マフラー遮熱版脱着",1
"ブラケット脱着亀裂溶接",1
"サイドブレーキギヤハンドル取替",1
"スケット点検調整4ヶ所",1
"左右リヤナンバー灯取替",1
"ガード脱着曲がり直し2枚",1
"バンパーグリル脱着",1
"メッキセンターバンパー鈑金",1
"左右観音扉取替",1
"子部品脱着付替え加工",1
"ステンフックカット付け替え溶接",1
"左右リヤ泥除けゴム付替え加工",1
"化粧板鈑金付替え加工",1
"右後ろ煽りドア破損部分修正補強材製作取付加工",1
"バックランプステーブラケット製作",1
"右ウィングドアー蝶番３ヶ所ボルト取替加工",1
"シーム板脱着鈑金",1
"左後ろ煽りスケット取替根太穴掘り加工",1
"三角反射板取替2枚ボルト折れ込み取外し加工4本",1
"躍場アルミ縞鋼板8面脱着研磨仕上げ",1
"クリヤー塗装",1
"アクセルペダル取替ボルト折れ込み取外し加工",1
"右ステンフェンダー脱着鈑金",1
"右ファーストステップカバー折損応急接着貼付",1
"左バックミラーステー脱着応急修正",1
"左ツイストロックスプリングステー肉盛り溶接",1
"スプリング取付",1
"左後ろサイドガードステー折損部修正取付リブ入れ溶接",1
"躍場左前脱着曲がり直し",1
"フロントエアダムバンパー組み上げ取替",1
"左部品取替",1
"フォグランプ修正付替え",1
"ドライバーシート肘掛け取替",1
"座席清掃",1
"左煽りドア前スケット嚙み込み取外し取替加工",1
"補強ステー脱着修正",1
"鳥居前左右6カ所ロープフック取付溶接",1
"左サイドガード折損部切断修正取付溶接",1
"リヤバンパー取替嚙み込みボルト切断取替加工5本",1
"右エンジンカバー",1
"マフラーパイプカバー脱着",1
"サイドブレーキassy分解組み上げ取替",1
"サイドブレーキASSY分解組み上げ取替",1
"ウィング前側左右2カ所蝶番ブラケット破損部修正取付加工溶接",1
"タイヤ灯ステンステー折損部補強取付ステン溶接",1
"左サイドガード切断曲がり直し",1
"パイプ3本切替溶接",1
"黒塗装",1
"燃料タンク脱着位置替え修正",1
"テールパイプ脱着折損部溶接",1
"クランプ脱着折損部溶接",1
"DPFマフラー遮熱ステー折損部修正取付溶接",1
"耐熱塗装",1
"右前後スケット２個取替",1
"左ドア内張り脱着",1
"ストライカー取替ドア建付け調整",1
"燃料タンク位置替え修正",1
"バンド1本製作取替",1
"ボルト取付（ボルト7セット込み）",1
"アームプレート取付穴掘りリベット止め加工（10ミリボルト3セット",1
"6ミリリベット2本",1
"カーゴナット4本込み）",1
"ポール亀裂溶接",1
"左スライドドアー上側ガイドステー脱着取付",1
"下側ガイドステー脱着",1
"ストライカー脱着",1
"ドアー折損部修正補強板製作取付加工",1
"左前フェンダー分解応急曲がり直し取付（8㎜ステンボルト4セット込み）",1
"右前フェンダー分解応急曲がり直し取付（8㎜ステンボルト4セット込み）",1
"NOXセンサー取り付け部ネジ山修正",1
"左サイドガード折損部補強取付溶接",1
"タンクブラケットクッションゴム貼替接着",1
"右サイドガード1番ステー折損溶接。塗装",1
"左右フロントキャブサスベローズ2個取替",1
"左バンパーフィニッシャー取替",1
"ステップステー脱着修正",1
"ポンプユニット",1
"ボルト焼き付き",1
"プラットホーム縞板全面取り外し",1
"焼き付きボルト取り外し",1
"全面ネジ山修正",1
"ターボチャージャースタッドボルト折れ込み取外しネジ山修正",1
"リヤエアタンクブラケット左右脱着亀裂溶接",1
"右ブラケット補強材製作取付溶接",1
"センサーボルト折れ込み取外し",1
"インターロックスイッチステー脱着",1
"下駄製作穴掘り取付加工",1
"荷台内架台修正ボルト止め",1
"右三角リフレクターステー製作切替溶接",1
"リフレクターブラケット",1
"三角リフレクター取付",1
"丸形リフレクター貼付",1
"溶接部切断付け替え溶接6ミリリベット2本穴掘り追加加工",1
"右ウィングロックプレート取替",1
"ボデー左右前ロープフック2個曲げ加工",1
"ボデー滑車ブラケット左側上下2ヵ所コーナーカット仕上げ",1
"耐熱ガード切断脱着ステン溶接",1
"パイプ折損部修正ステン溶接",1
"右サイドバンパー折損部修正補強材取付溶接",1
"右前ウィングキャッチ切断位置替え修正溶接",1
"エキブレパイプ脱着腐食ボルト切断取替",1
"タイコマフラー前側折損部製作切替溶接",1
"ミラーアーム脱着",1
"左工具箱脱着",1
"腐食ボルト切断取替10本",1
"工具箱ステー左右切替加工溶接2本",1
"左右反射板取替穴掘り6ミリリベット止め加工8本",1
"右コントロールロッド取替",1
"跳ね上げゲート脱着",1
"ポリオールヒンジ取替加工",1
"フロントバンパー左右ブレ止めステー2本製作取付加工",1
"10㎜ボルト取替2本",1
"錆止め黒塗装",1
"左ミラーアーム脱着",1
"他ミラー付替え",1
"燃料タンク中間ホース脱着",1
"コック2個取替",1
"左ミラーアーム応急曲がり直し",1
"アンダーステー脱着",1
"応急製作取付",1
"燃料タンクバンド1本切断加工",1
"左ミラーアーム応急処置加工",1
"フロントバンパーグリル応急取外し",1
"左右ドアー建付け調整",1
"右コーナーパネル脱着調整",1
"フロントリッドグリル取替",1
"コネクター取り付け部分修理",1
"左サイドガードASSY脱着ボルト切断取替",1
"リヤ反射板位置替え取替加工",1
"反射板ブラケット脱着鈑金塗装",1
"左工具箱",1
"ブラケット取外し",1
"右キャブサスベローズ取替",1
"左サイドガード脱着曲がり直し鈑金",1
"左サイドガード前側折損部分修正パイプ切替溶接",1
"右サイドガード前ステー脱着折損溶接補強材制作取付溶接",1
"左サイドガード前後ステーパイプ2本腐食部分切断切替溶接",1
"アウトリガーハンドル脱着",1
"固定板切断取替溶接",1
"ボルト取替調整",1
"アクスルボルトスタッド取替",1
"ドライバードアー内張り脱着修正",1
"右スカッフプレート脱着ウェザーストリップ修正",1
"燃料サブタンク取外し",1
"キャブ右エアサス取替",1
"サスペンション点検",1
"グリスUP",1
"リヤゲートキャッチ左右脱着点検",1
"りん木入れ亀裂カット溶接塗装2ヵ所",1
"ボデー左右排水口鉄格子切断取外し",1
"左右シャックルブラケット亀裂カット溶接2ヵ所",1
"右サイドガードステー脱着折損修正補強材取付溶接",1
"右サイドガードステー3本曲がり直しサイドガード1本切替加工溶接",1
"サイドガード折損取付溶接",1
"左サイドガード亀裂修正溶接",1
"燃料タンク渡りホース取替バンド2個取替",1
"左観音扉ASSY取替",1
"ベニヤ板入れ脱着付替え加工",1
"フェリーフック4個取付加工",1
"左右観音扉ストッパー2個リベット止め加工",1
"リヤバンパー加工取替",1
"踊場バッテリー上蓋ストッパー取付加工",1
"リヤバンパー折損修正補強材製作取付加工",1
"左右パイプサイドガード6本製作取付加工",1
"左右サイドガードステー6本曲がり直し鈑金",1
"折損ステー取付溶接",1
"突っ張り棒脱着曲がり直し鈑金",1
"右ウィング後ろウェザーストリップゴム清掃貼替加工",1
"ウィング右中板２枚脱着",1
"ルームランプ脱着",1
"アルミレール脱着リベット打ち替え",1
"サイドバンパー溶接",1
"サイドミラー脱着付替え",1
"ミラーステー取替",1
"幌骨パイプ入れ折損パイプ取外し加工",1
"右前ウィング防風ボード6ミリ穴掘りリベット打ち替え加工7本",1
"燃料抜き出し",1
"ドアバイザー",1
"他部品組替一式",1
"アンダーミラー脱着付替え",1
"ウィングセンタービーム穴掘り加工26カ所",1
"右サイドガード固定溶接塗装1ヶ所",1
"前左右反射板ステー曲がり直し",1
"白色反射板貼付",1
"右サイドガード前３ヶ所亀裂溶接",1
"フォグランプカバー付替え",1
"左前フェンダー脱着",1
"スーパースケット脱着",1
"配線組替",1
"煽りドアASSY取替",1
"ウォーターパイプ溶接",1
"踊場右縞鋼板脱着曲がり直し",1
"左右サイドガードステー折損修正溶接2ヵ所",1
"リベット打ち替え8本（リベット込み）",1
"ダンプ自重計取替",1
"ラテラルロッド取替",1
"右前スケットスプリング取付",1
"フロントグリルメッキカバー貼付",1
"フロントバンパー全面持込取替",1
"フォグランプ取替",1
"フロントバンパーASSY取替",1
"ウィングキャッチ3ケ取替",1
"左右踊場脱着",1
"脱着式補強リブ制作取付2ヵ所",1
"左ウィングキャッチ1ケ",1
"左煽りキャッチ1ケ取替",1
"パイプ折損部修正溶接",1
"断熱カバー切断脱着溶接",1
"リベット打ち替え（リベット込み）",1
"右ウィング後油圧シリンダー脱着",1
"下側ピン取替加工",1
"床板センターレール切断脱着曲がり直し溶接",1
"左フレーム前ストッパー2枚取替加工溶接",1
"左右エアーコネクター脱着",1
"ジョイントパイプ腐食切断取替加工2個",1
"溶接部分切断仕上",1
"穴掘り脱着式ボルト止め加工",1
"左右スケットスプリング調整4個",1
"座面脱着",1
"サスペンション取替",1
"左右ベローズ取替",1
"ツイストロックストッパー製作取付",1
"架台蝶番曲がり直し折損部修正溶接",1
"左サイドパネルメッキカバー脱着清掃両面テープ貼替加工",1
"荷台リヤゲートガイドブラケット曲がり直し折損部修正溶接",1
"左ウィング前コーナーキャスティング取替",1
"右前車高灯取替",1
"左後ろ泥除けガード折損部修正ステン溶接",1
"ステンボルトASSY取付5本",1
"マフラー遮熱版",1
"折れ込みナット取替加工溶接",1
"リヤゲート開閉フック点検",1
"左サイドガードステーパイプ腐食切断切替加工溶接2ヵ所",1
"ステン押え脱着鈑金切断作り替え加工ステン溶接2枚",1
"左観音扉コンパネ入れ修正リベット打ち替え加工",1
"左右後ろ煽りドアスケット取替2個",1
"ボルト折れ込み取外し取替加工4本",1
"アーム分解組替一式",1
"左右観音扉コンパネ入れ上側ステー4個脱着接着貼付",1
"アウトリガーハンドル製作取付溶接",1
"ステンブラケット切断鈑金ステン溶接",1
"左ツイストロック切断取替",1
"左前ウィングステンキャッチ受け脱着曲がり直し",1
"コーナーガードリベット止め取付加工",1
"床面左アングル枠ボルト止め加工",1
"鳥居前アングル取付加工",1
"左サイドガード折損部2ヵ所取付溶接",1
"床枠アングル破損部切断切替加工溶接",1
"タップ止め加工",1
"左前ステンフェンダー",1
"泥除けゴム",1
"抑え取替",1
"右サイドガードコーナー曲げパイプ１本製作取付加工溶接",1
"左サイドガード亀裂溶接5カ所",1
"左サイドガードステー折損部修正取付溶接",1
"右サイドガード15Aパイプ切替溶接",1
"左右２カ所煽りドア折損部修正表裏補強材製作取付加工",1
"右煽りドア前後２カ所開閉補助装置調整",1
"スプリングシート4箇所亀裂カット溶接",1
"左右煽りドア後ろ開閉補助装置取替",1
"アーム脱着付替え",1
"ブリッジ左右ショックアブソーバー取替",1
"フロント左2番ショックアブソーバー切断取替",1
"左サイドガード下コーナーパイプ製作切替加工溶接",1
"ボデー左右キャスターストッパー6ミリフラットバーボルト穴切断取付加工溶接",1
"踊り場バッテリー上側クッション張替加工",1
"リヤバンパー曲がり修正折損溶接",1
"タイコマフラー前折損部修正取付溶接",1
"大型反射板2枚取替リベット穴掘り加工8カ所",1
"バッテリー上側踊場蝶番2個取替",1
"左右煽りドア内板鋼板曲がり直しリベット穴掘り打ち替え加工",1
"左ミラー増し締め点検",1
"左右ウィング蝶番グリスアップ",1
"カプラーボルト点検",1
"3本取替",1
"左右観音扉コンパネ入れブラケット取り外し",1
"リベット打ち替え６０本",1
"左工具箱取替加工",1
"工具箱ステー曲がり直し",1
"躍場左縞鋼板曲がり直し",1
"ケーブルクランプ2個取替",1
"左右後ろ2箇所フェリーフック取付加工",1
"左右前2箇所フェリーフックブラケット製作取付加工",1
"ボデー左右キャスターストッパー取付加工溶接",1
"フック当たり部分切断",1
"リヤ床枠引出し修正",1
"観音扉開閉修理",1
"エアサスレベリングバルブ脱着付替え",1
"メンバー錆落とし塗装",1
"レベリングバルブブラケット製作取付加工",1
"左サイドガード2本",1
"ステー4本取替加工",1
"ナンバーボルト折れ込み取外し",1
"ブッシュボルト切断取替",1
"左右キャスターストッパー切断仕上げ錆止め塗装",1
"左右後ろ泥除けゴム脱着",1
"切断加工",1
"左後ろコンテナロック取替加工",1
"右前煽りドア開閉補助装置持ち込み品取替加工",1
"アーム分解切断付替えステン溶接",1
"冷却水パイプ穴埋め溶接",1
"左サイドガードステー2本折損部修正取付ステン溶接",1
"スポイラー取外し",1
"シートデッキ亀裂点検溶接",1
"ハブボルト折れ込み取外し加工",1
"反射板4枚穴掘り取替加工",1
"6ミリボルト8本取替",1
"2番燃料タンク脱着",1
"延長ブラケット亀裂カット溶接",1
"左右煽りドア折損部２カ所修正",1
"補強曲げ材製作穴掘り取付リベット止め加工",1
"補強ステン溶接",1
"シャフトボルト折れ込み取外し加工",1
"左右回転灯取外し",1
"ナンバープレートボルト折れ込み取外し加工",1
"駐車ブレーキ脱着分解ハンドル",1
"ギヤボックス固着修理",1
"ワイヤー取替",1
"ドアー脱着",1
"ストッパー取替",1
"ピーラー修正",1
"泥除けステン抑え折損部曲がり直しステン溶接",1
"観音扉右側コンパネラックブラケット取付",1
"左側取付位置修正",1
"フロントバンパー全面取替",1
"左側フロント泥除けゴム取替加工",1
"ボデー左右スタンションホール修正取付溶接10ヶ所",1
"右前サイドガードステー折損溶接",1
"左ジャバラパイプ錆落とし穴埋め溶接",1
"ブレーキハンドル",1
"ギヤボックス点検",1
"嚙み込みレール切断",1
"左サイドガード折損パイプ切替加工溶接2本",1
"左右ステー修正取替",1
"UDPGボルト折れ込み取外し加工10本",1
"カバーボルト折れ込み取外し加工2本",1
"スプリングシートブラケット4箇所亀裂溶接",1
"特殊工具製作",1
"右サイドガード亀裂2カ所溶接",1
"左右サイドガード折損修正取付溶接",1
"左後ろスケット脱着分解",1
"別車取外し部品組替取替",1
"右ミラーステーASSY脱着",1
"右ドアー建付け調整及び曲がり直し",1
"左キャスターストッパー曲がり切断切替加工溶接",1
"インナーバンパー取替一式",1
"左右床フック切断取外し12カ所",1
"右泥溶け脱着",1
"ステンブレ止め溶接",1
"左右リフレクター切断取替",1
"ナンバーブラケット折損部修正取付溶接",1
"フロントリッド嚙み込み取り外し",1
"ワイヤー点検(不良)",1
"床面C1タップ止め24本",1
"ガラスラン取替一式",1
"泥除けゴム取り外し",1
"シャーシー",1
"ホイール塗装",1
"右前セイコーラック取替ブラケット曲がり直し",1
"出張点検",1
"ダンプ床面亀裂ステン溶接5カ所",1
"パチ当てステン溶接1ヶ所",1
"リヤナンバーブラケット脱着",1
"ボルト折れ込み取外し加工3本",1
"溶接ナット切断取替溶接1個",1
"リヤステップ応急曲がり直し",1
"踊場異音点検",1
"キャッチ2個取替",1
"工具箱キャッチ応急処置",1
"ボルト折れ込み応急修理",1
"レール取り外し",1
"作動油タンク塗装",1
"研磨作業",1
"左右煽りドアスケット調整4個",1
"物入れ取付ボルト折れ込み取外し取替加工3本",1
"リヤメンバーステンカバー貼り付け加工",1
"右前ウィングシート脱着",1
"キャッチ受け曲がり直し",1
"イコライザーセンターシャフト嚙み込み切断取外し加工",1
"左エンジンカバー脱着",1
"左右アウトリガーパイプ折損溶接",1
"工具箱キャッチ2個取替加工(タキゲンキャッチ大2個含む）",1
"ブラケット切断鈑金溶接",1
"右ウィングキャッチロック溶接調整",1
"床板中央張替加工",1
"ボルト折れ込み取外しスタッド取替2本",1
"ウィングキャッチ3個曲がり直し",1
"左右スケット4個点検",1
"ドレインコックワイヤークランプ取替",1
"クランプ止めボルト切断取替溶接2本",1
"左後ろ煽りドア蝶番破損部穴掘りボルト取替加工4ヶ所(材料込み）",1
"左右工具箱キャッチ調整点検8個",1
"コンテナロックハンドル制作取付加工",1
"スケットアーム取替加工",1
"ドライバーシート嚙み込み脱着分解点検",1
"ルーフマーカーブラケットASSY取外し雨切りボルト取付4本",1
"右イコライザーセンターシャフト嚙み込み切断取外し加工",1
"戸当たりゴム取替一式（部品代込み）",1
"リヤバンパー脱着取替一式",1
"アウトリガーハンドル腐食部分切断コーナー製作切替加工溶接",1
"メッキミラーカバー3枚脱着両面テープ貼替",1
"ミラー3ケ付替え",1
"アーム取替",1
"NOXセンサーボルト折れ込み取外し",1
"左側バンパーフィニッシャー脱着",1
"センターステー脱着曲がり直し",1
"コンプレッサーマフラー脱着修正",1
"マフラーステー2個制作取付加工",1
"左バンパーフィニッシャー脱着曲がり直し",1
"ナンバーボルト折れ込み修正",1
"左右ドアパネル鈑金",1
"馬蹄フック取替17カ所",1
"敷ゴム貼替",1
"バンド2本取替",1
"左ミラーアーム取替一式",1
"キャブサスペンション左右ショックアブソーバー取替",1
"マフラーカバーボルト折れ込み取外し",1
"溶接ナット切断取替溶接",1
"センタービーム前側取付折れ込みボルト取替加工",1
"増し締め点検",1
"バックカメラステー制作取付加工",1
"ボルト折れ込み切断取外し加工",1
"カラー製作ロングボルト取付加工",1
"右後ろサイドガード折損応急ステン穴掘りステー制作取付加工",1
"ドライバーシート座面脱着",1
"異音点検",1
"チェンジロッド折損溶接",1
"踏板脱着亀裂溶接",1
"踏板ステー折損溶接1ヶ所",1
"補強取付溶接３ヶ所",1
"ステー製作取付加工1ヶ所",1
"クラッチペダルカバー取替",1
"左中央床板破損部応急張替加工",1
"リヤステップ製作取付",1
"スケットスプリング4ケ取替調整",1
"バックカメラブラケット制作取付加工",1
"ナンバー枠修正",1
"エアーコネクター取替",1
"コネクタースイッチ調整",1
"リヤ左右大型反射板取替",1
"左ステー2個制作取付加工",1
"右テールランプブラケット",1
"突っ張り棒取替",1
"燃料タンクバンド4本切断取替",1
"カプラーワイヤー取替",1
"左サイドガードASSY",1
"燃料タンク渡りコック取替",1
"左右リヤ煽りドアスケット取替",1
"右煽りセンタースロットル取替",1
"ボルト嚙み込み切断取外し加工",1
"折れ込みボルト嚙み込み点検",1
"ウィング後ろ側左右蝶番ブラケット破損部修正取付加工溶接",1
"右前煽りドアー分解取替加工",1
"スケット脱着",1
"左煽りドアースケット調整２個取替",1
"ボルト嚙み込み穴掘り切断分解取外し加工",1
"パイプ穴埋め溶接",1
"左右スケット２個取替",1
"右ウィング枠骨下側切断切替加工溶接",1
"前側キャッチブラケット切断鈑金リブ制作溶接",1
"センターステー切断修正溶接",1
"後ろキャッチブラケット曲がり直し",1
"左持込スケット２個取替",1
"シーム取替加工",1
"アンダーステー鈑金",1
"センターステー脱着鈑金",1
"バックランプステー製作取付溶接",1
"ウィング枠前後左右4ヶ所蝶番ブラケット取替加工",1
"右前サイドガードステー修正",1
"ライニング張替12個",1
"社外品燃料タンクバンド製作取替加工",1
"右前セイコーラック取外し",1
"穴埋めテープ貼付",1
"フロントキャブショック左右取替",1
"左右煽りドアスケット4個取替",1
"右ウェザーストリップ取替",1
"左右ウィングインターロックスイッチステー脱着",1
"シーム製作取付調整",1
"右サイドガードステー折損修正リブ製作取付溶接",1
"穴掘りボルト止め加工",1
"左スケット脱着",1
"アーム分解曲がり直し鈑金",1
"リッドウェザーストリップゴム取替",1
"ウィンドシールドロアパネル修正",1
"テープ取外し仕上げ",1
"左センタースロットル取替",1
"支柱取付",1
"キャッチ取付",1
"左右煽りドアスケット調整",1
"ドアヒンジ取替",1
"左右サイドガード折損補強取付溶接5カ所",1
"右サイドガードステー修正",1
"左右ドアー曲がり直し",1
"前センタービーム修正",1
"取付ボルト2本切断取替",1
"2本取り付け",1
"左右スケット取付2個",1
"カプラーアース取付",1
"左煽りドアスケット取替",1
"煽りスケット1個取替",1
"フロントバンパーグリル取替",1
"テールパイプマフラー腐食部分切断パイプ切替加工溶接",1
"リヤバンパー左右カバー制作取付加工溶接",1
"左右ボデーボルトブラケット取替",1
"左右観音扉持ち込みフック取付加工",1
"(5㎜リベット8本込み)",1
"ウィングシリンダー前後左右点検",1
"煽りフック取替",1
"アンダーブラケット脱着",1
"荷台歩み板曲がり直し",1
"蝶番鈑金溶接",1
"ウィング左前リベット打ち替え",1
"幌骨曲がり直し",1
"ロープフックステンパイプ取付ステン溶接",1
"テールパイプ取替10㎜ロングボルト取替加工 (ボルト代込み）",1
"左キャスティング取替",1
"マーカーブラケット取付加工",1
"左ウィングインターロックスイッチ脱着",1
"ウィング左ウェザーストリップゴム貼付",1
"左中柱キャッチ修正切断溶接",1
"左右ウィング中板",1
"左右ラッシングレール",1
"インナーボード取替加工",1
"左右煽りドア折損修正補強取付溶接修理",1
"右前枕木取替加工",1
"床板破損部分応急張替加工",1
"ライニング張替16ヶ",1
"ライニング張替16ヶ（2台分）",1
"燃料タンクバンド修正",1
"ロープフックボックス脱着リベット打ち替え",1
"開き止め取付",1
"左サイドガード後ろステー折損修正溶接",1
"サイドガード折損3本溶接",1
"2番ステー折損溶接",1
"左右バックランプステー2本製作取付加工",1
"左後ろ支柱曲がり直し",1
"煽りドア開閉点検",1
"リヤナンバーブラケット切断修正加工溶接",1
"左バンパーフィニッシャー脱着鈑金",1
"インナーバンパー引出し",1
"ライトステー鈑金",1
"リヤ左右泥除けゴム取替加工",1
"化粧板脱着曲がり直し",1
"煽り蝶番補強取付溶接",1
"左サイドガード折損溶接2本",1
"左サイドガード前ステー折損修正溶接",1
"ジャンパーホース1本取替",1
"煽りドアスケット4個増し締め点検",1
"ラッチ脱着曲がり直し",1
"ロッド修正",1
"煽りドアスケット4個点検",1
"フィニッシャー",1
"ハーネス脱着付替え",1
"ラッチASSY取替",1
"左3連テールランプ脱着加工",1
"ブラケット脱着応急鈑金",1
"タンクバンド1本脱着",1
"左ウィングスイッチボックス脱着",1
"ブラケット製作取り付け加工",1
"センター床鉄板取外し",1
"右後ろウィングキャッチ取替",1
"ウィング蝶番ボルト2本取り付け",1
"蝶番グリスアップ点検",1
"リヤゲート右上亀裂カットステン溶接",1
"補強作業",1
"観音扉右側コンパネラック修正リベット打ち替え",1
"ボルト破損４本応急取付加工(12㎜ボルトASSY４本込み）",1
"左サイドバンパー折損部15Aパイプ取付加工溶接2本",1
"フラッシャーステー取付",1
"左右ウィング後ろ蝶番ピン2本取替",1
"左右サイドバンパー折損補強取り付け溶接2ヶ所",1
"左センタースロットルアーム脱着",1
"プレート制作取付加工",1
"ガイド脱着鈑金",1
"エアダム脱着",1
"左右荷台キャスターストッパー切断取外し",1
"左右リヤ泥除けステー脱着",1
"折損ステン溶接",1
"躍場右縞鋼板",1
"支柱ボルト2本取替加工",1
"下廻り養生",1
"観音扉コンパネ積み降ろし",1
"ハンドル取替",1
"ナンバー枠取替",1
"バンパー部品脱着修正",1
"左フィニシャー曲がり直し",1
"取付ステー曲がり直し",1
"他部品脱着修正",1
"床鉄板張加工溶接",1
"リヤナンバー移設加工",1
"突っ張りステー製作取り付け加工",1
"左サイドガード折損溶接4ヶ所",1
"突っ張りステー1本10ミリボルト取付",1
"右後ろ煽りドアキャッチ受け2個脱着鈑金",1
"ボルト取替加工3本",1
"脱落ボルト取付",1
"右サイドガード腐食部分2ヶ所20Aパイプ切替加工溶接",1
"ルーフ雨漏れ点検",1
"応急処置",1
"リヤ観音扉左右コンパネ入れブラケット取り外し",1
"右ウィング中板4枚脱着",1
"アルミ接続カバー脱着切断取外し",1
"後ろステー折損部修正補強取付加工",1
"取り付け部分引出し修正",1
"ドアー傷応急処置",1
"左リヤ反射板ステー塗装",1
"右後ろウィングキャッチ受けステー脱着曲がり直し",1
"踊場工具箱脱着",1
"踊場左縞鋼板脱着",1
"ダンプ鋼板左右キャッチローラーブラケット嵩上げ加工溶接",1
"ウィングキャッチプレート交換",1
"ウィングキャッチプロテクター取付",1
"床板左縞鋼板切断脱着修正溶接",1
"中板貼り付け加工",1
"縞鋼板浮き上がり止め加工",1
"ドライバーシート可動レバー取付",1
"左バンパーフィニシャー",1
"左コーナーキャッチ",1
"キャッチ受け取替加工",1
"ウィングルーフ",1
"鳥居コーキング処理（材料込み）",1
"踊場右縞鋼板脱着ボルト折れ込み取外し取替加工2本",1
"枠骨ボルト2本取付加工",1
"バッテリーボックス床面腐食切断取替加工溶接",1
"抑え込みボルト取替",1
"左ウィング蝶番前2番脱着修正",1
"破損部分補強材制作取付加工",1
"シリンダー点検（左前シリンダーオイル漏れあり）",1
"ウィングシリンダー点検",1
"幌破損部分補修テープ貼",1
"ウィング蝶番ボルト折損修理",1
"床面4ヶ所破損部分床板張替加工(材料込み）",1
"左右スケット調整4個",1
"左右サイドガード３ヶ所亀裂溶接",1
"煽り開閉補助装置点検",1
"左サイドガード腐食部分３ヶ所パイプ切替加工溶接",1
"4トン",1
"8枚",1
"ボルト化煮込み切断取替加工",1
"燃料タンク脱着点検",1
"右ドア中板折損部鈑金取付溶接",1
"リヤキャブショック左右取替",1
"踊場縞鋼板脱着",1
"踊場縞鋼板全面増し締め点検",1
"折れ込みボルト2本取替加工",1
"ワッシャー取付",1
"左サイドガード引出し修正",1
"ルーフ右後ろハザードレール鈑金",1
"煽りドア幌骨パイプ入れ2本脱着",1
"折損取付加工溶接",1
"ウィング応急雨漏れ修理",1
"リヤ左右反射板取替",1
"荷台幌ロープ取付修理",1
"右スケット切断取替加工",1
"左後ろウィングキャッチ取替",1
"バンパーグリル脱着クリップ取替",1
"エアコネクターボルト折れ込み修理",1
"後ろ燃料タンク",1
"フレーム修正",1
"タンクバンド2本切断交換",1
"左煽りドア開閉補助装置2個交換",1
"ヒンジ左右交換",1
"右サイドガードステー3本修正",1
"サイドガード折損部4ヶ所取り付け溶接",1
"ダンプ床面破損部分３ヶ所切鉄板貼付加工溶接",1
"左煽りドア表裏破損部分2ヶ所応急アルミ板貼付加工",1
"サッシ",1
"ランチャン交換",1
"差し込み口切断取替加工溶接",1
"左カプラーガイド脱着",1
"曲がり直し鈑金",1
"フレーム取付部曲がり直し",1
"右ウィングリターンスプリング折損切断",1
"左右幌破損部分補修テープ貼り付け",1
"ホースコック取り換え",1
"右フィニッシャー脱着フォグランプベゼル取り換え",1
"カプラー滑り台脱着曲がり直し",1
"平和物流ライニング張替10枚",1
"折れ込みボルト切断",1
"ナット溶接加工",1
"右後ろ工具箱脱着",1
"突っ張りステー2本腐食部分リブ入れ加工溶接",1
"左右リヤ泥除けゴム取り換え加工",1
"押えブラケット脱着",1
"ダンプ鋼板捻じれ直し建付け調整",1
"左右支柱曲がり直し",1
"開き止め切断付替え加工",1
"ラジエター折れ込みボルト修理",1
"ストリップゴム付替え",1
"右リヤフェンダー脱着鈑金",1
"右フェンダー脱着",1
"スケット交換",1
"三角リフレクター取付加工",1
"右ウィングシリンダー交換",1
"サイドガード折損部加工溶接",1
"左右スケット4個取外し",1
"ステー取外し4ヶ所",1
"カプラーワイヤー",1
"ラック左ステー製作取替加工溶接",1
"右後ろタイヤスタッドボルト折れ込み取り換え加工",1
"ブリッジ左右ショックアブソーバー2本交換",1
"左2軸ショックアブソーバー1本切断取り換え",1
"燃料移し替え",1
"ボルト嚙み込み切断付替え加工",1
"コック付替え",1
"ホース取替",1
"バンド切断交換",1
"ブラケットステー脱着",1
"ライニング錆落とし張替２枚",1
"テールパイプ折損部パイプ制作取付加工溶接",1
"タイコマフラー腐食部分パチ当て補修溶接",1
"左前コンテナロックピン取付加工",1
"右前ピンストッパー取付加工",1
"バンパーグリル交換",1
"リヤナンバーブラケット折損応急修理",1
"左ウィング前後",1
"右ウィング後ろウェザーストリップゴム貼替加工",1
"ウィング左右３ヶ所ウェザーストリップゴム貼り付け",1
"接着清掃",1
"右前煽りキャッチ受けフック製作取付加工溶接",1
"左右大型反射板交換",1
"リヤバンパー反射板取り付け部錆落とし錆止め塗装",1
"インタークーラーパイプ亀裂溶接",1
"サイドガード修正",1
"鳥居荷掛け折損切断荷掛けブラケット製作取替加工溶接",1
"右ドアー脱着ヒンジ2個交換",1
"左右ボデーキャスターストッパー取付溶接",1
"ウィング幌骨腐食切断取替加工",1
"支柱腐食曲げ鋼板製作取付加工",1
"蝶番製作取付",1
"左煽りドア開閉補助装置2個調整",1
"右ウィングウェザーストリップゴム清掃点検",1
"右観音扉コンパネ入れ脱着",1
"右前ウィングキャッチ受け脱着",1
"捻じれ修理",1
"ボルト取替加工",1
"クロスメンバー亀裂ボルト切断取替加工4本",1
"サイドカバー脱着",1
"クラッチブースタースプリング脱着",1
"ブラケット2本脱着肉盛り溶接仕上げ",1
"嚙み込みボルト取替加工3本",1
"煽りドア開閉補助装置調整点検",1
"タンクバンド２本切断取り換え",1
"燃料タンク修正",1
"コンパネ立て修正",1
"リヤバンパー亀裂カット溶接",1
"折損ボルト取替加工",1
"ブレーキライニング2枚交換",1
"エアーバルブ交換",1
"左右アーチゴム取り換え",1
"左煽りドア開閉補助装置点検調整",1
"ライトベゼル脱着",1
"ドアヒンジ2個",1
"ストライカー取り換え",1
"ドア亀裂溶接",1
"ウィングセンタービーム蝶番ボルト折損修理",1
"インターロック脱着",1
"アーム補強取付溶接",1
"左右大型反射板取替加工",1
"三角リフレクター取り換え",1
"左右後ろセイコーラック破損",1
"煽りドア開閉補助装置アームブラケット交換３ヶ所",1
"DPFマフラーカバー脱着",1
"右コンパネ立て修正リベット追加加工",1
"右後ろ開閉補助装置交換",1
"燃料タンク位置修正",1
"バンド２本取り換え",1
"左煽りドア開閉補助装置交換",1
"左前泥除けゴム取替加工",1
"トレーラーフェンダー左右前ブラケット脱着折損修正溶接",1
"左ドア鈑金",1
"大型ライニング張替6枚",1
"工具箱キャッチ取替",1
"アウトリガーベアリング取替加工",1
"ジャンパーホース加工",1
"荷台ストッパーフック亀裂溶接",1
"左右大型反射板リベット打ち替え",1
"右ファーストステップブラケット交換",1
"インナーシールボード鈑金",1
"左後ろ開閉補助装置取替加工",1
"左後ろ煽りドア持込開閉補助装置取替加工",1
"左前煽りドア持込開閉補助装置取替加工",1
"亀裂溶接6カ所",1
"左右バックプレートボルト折れ込み取外し加工12本",1
"スプリングブラケット亀裂溶接",1
"クロスメンバー亀裂切断",1
"補強取付溶接修理",1
"ウィングクッションボルト止め",1
"ブリッジキャブショックアブソーバ左右交換",1
"右踊場脱着",1
"プラットホーム取付ブラケットボルト折損修理",1
"右前サイドバンパーステー脱着折損修理",1
"左右煽りドア開閉補助装置横根太取付ボルト10㎜穴掘り加工2本取替",1
"バックプレート取外し",1
"折損ボルト24本取外し加工",1
"右ドアウェザーストリップゴム交換スカッフプレート脱着",1
"折損ボルト修理",1
"左テールランプ応急修理",1
"右サイドガード前ステー2本折損修正溶接",1
"左スケット破損",1
"分解応急修理",1
"左右前ステンフェンダー脱着スケット2個調整",1
"後ろスケット2個調整",1
"ドア蝶番2個交換",1
"リヤ泥除けゴム4枚取替加工",1
"左前ウィングキャッチ切断取替加工",1
"左右エプロンゴム取付",1
"リヤキャブショック左右交換",1
"左サイドミラー交換",1
"バックカメラ付替え加工",1
"右ウィングセンターステー脱着曲がり直し",1
"サスペンション交換",1
"右リヤフェンダーアーチゴム留め金具制作取付",1
"バンパー交換一式",1
"左右床板枠修正ビス止め加工",1
"プラットホーム点検ブッシュ取替加工",1
"左右サイドガード突っ張りステー8カ所リブ入れ溶接",1
"キャリーラック取替加工",1
"煽りドア6枚コーナーブロックリベット打ち替え加工",1
"脱着修正4本",1
"補強取付加工2本",1
"キャッチ受け脱着曲がり直し4枚",1
"右コボレーンリベット打ち替え",1
"燃料タンクキャップ固定加工",1
"フレーム間メンバー亀裂リブ制作取付加工10ヶ所",1
"右センタースロットル分解取替",1
"リヤ反射板左右取替加工",1
"スルーシャフトメクラキャップ修正",1
"左前後セイコーラック取替加工",1
"UDPCマフラーカバー脱着",1
"インナーステー脱着ボルト折れ込み取り換え修理",1
"左サイドガードステー２本折損修正リブ溶接",1
"左右煽りドア開閉補助装置2個取り換え加工",1
"ウィング左前リーンホースメント取替加工",1
"暴風版応急修理",1
"型違い持ち込み反射板穴掘り取付加工",1
"右アウトリガー脱着",1
"ボルト取付",1
"右サスベローズ交換",1
"右バックミラー脱着",1
"アンダーミラーサイドステー脱着修正",1
"燃料タンク交換一式",1
"左右ライディングギヤASSY取替加工",1
"観音扉蝶番ピン取替",1
"フロントリッド開閉修理",1
"キャブルーフ内張脱着",1
"カメラハーネス張替加工",1
"カーテン脱着付替え加工",1
"右ドアー",1
"セカンドステップカバー",1
"スプラッシュガード",1
"ウィング水切りゴム張替加工",1
"ドライバーシート脱着サスペンションブラケット交換",1
"右三角リフレクター交換",1
"ブラケット脱着曲がり直し",1
"ボルト切断取替加工２本",1
"キャブショックアブソーバ左右交換",1
"大型反射板取替加工",1
"テールパイプブラケット取替",1
"右ミラー脱着",1
"サイドアーム交換",1
"床面修正貼付加工",1
"左右コボレーン前コーキング処理",1
"ダンプレバー分解修理",1
"左バンパーフィニッシャー持込取替",1
"左ヘッドライト持込取替",1
"左フォグランプ持込取替",1
"インナーバンパー応急修理品交換",1
"フロントショックアブソーバ1本取替",1
"左後ろウィング水切りゴム張替加工",1
"プラットホーム脱着",1
"反射板脱着加工",1
"滑り止め張替",1
"鋼板亀裂ステン溶接",1
"ウィング蝶番センタービーム亀裂点検",1
"シリンダー点検",1
"左右煽りドアヒンジ点検",1
"ヒンジボルト取付加工",1
"左マッドガード交換エプロン付替え",1
"左サイドガードステー折損部修正溶接",1
"フェンダーカバー交換",1
"フレーム左右穴掘り加工",1
"ジョルダー折損部カット溶接",1
"ホース交換",1
"ナンバーブラケット鈑金加工",1
"床板破損部分張替加工",1
"左ショックアブソーバー脱着",1
"リベット取替加工",1
"左フレーム間ハーネス",1
"パイプ",1
"センサー脱着",1
"モーター取替一式",1
"防振ゴム取替",1
"右前煽りドア持ち込み開閉補助装置取替加工",1
"右バンパー部品",1
"右ライト一式交換",1
"左サイドフロントステンボード脱着",1
"取付ステー折損部修正ステン溶接",1
"右後ろ煽りドア開閉補助装置持ち込み品取替加工",1
"ライニング8枚取替",1
"フロントショックアブソーバー1本取替",1
"左右キャスターストッパー切断切替溶接",1
"追加タップ留め加工",1
"煽りスケット調整",1
"クロスメンバー亀裂修正溶接",1
"ライニング貼付8枚",1
"ライセンスブラケット折損部修正",1
"スケット点検",1
"タイヤホイールカバー全数脱着",1
"アンテナ脱着位置替え",1
"煽りドア開閉補助装置持ち込み品2個交換",1
"アーム脱着取替加工",1
"スケット4個取替",1
"ライニング貼付",1
"フロントショックアブソーバー切断取替加工",1
"コンパネ立てステー穴掘り付替え修理",1
"左サイドガードステー3本応急修理",1
"助手席ドア内張脱着",1
"アウターハンドル交換",1
"反射板左右入替",1
"ドライバーシートクッション交換",1
"左ミラーアーム交換",1
"ウィング応急修理",1
"パイプステー交換",1
"タイコマフラー前後ステー脱着吊り下げゴム交換",1
"左右キャスターストッパーフック部分切り出し取付加工溶接",1
"左ステンサイドガードステー折損修正溶接",1
"UDPCカバー",1
"ステー取付",1
"ブラケットボルト折れ込み修理",1
"煽りドア開閉補助装置持ち込み品取替",1
"サイドガード足載せプレート左右鈑金修理",1
"幌骨枠差し込み口4ケ加工取替",1
"1ケ鈑金修理",1
"ブラケット溶接修理",1
"荷台歩み板修正",1
"右バックミラーアーム脱着",1
"ドアバイザーコーキング処理",1
"スケット脱着付替え加工",1
"右後ろ煽りドアキャッチ取替",1
"キャッチ受け脱着鈑金修理",1
"L型ステイ折損修正溶接",1
"右後ろ煽りドアスケット取外し",1
"マニュホルドスタッドボルト折れ込み修理",1
"架台位置替え加工",1
"ジョルダー脱着付替え加工",1
"踊場枠骨ステー脱着折損修正溶接",1
"サイドバンパー亀裂溶接左右5カ所",1
"床鉄板前側切断取外し",1
"AHIノズルボルト折れ込み修理",1
"ドライバーシート肘掛け脱着点検",1
"右煽りドアスケット前側取替",1
"後ろ側取付",1
"煽りドア開閉補助装置分解曲がり直し鈑金",1
"スプリングカバー取替",1
"アウトリガーASSY取替",1
"ステイ付替え加工",1
"溶接ブラケット切断取替加工",1
"フレーム鈑金",1
"テールパイプ切替加工",1
"左右ステイ取替",1
"マーカーステイ折損ステン溶接",1
"燃料タンク渡りホース取替",1
"煽りスケット4ヶ所調整",1
"駐車ブレーキハンドル取付",1
"左ミラーアームガタガ取り点検",1
"左リヤ泥除けゴム取付",1
"左右ドア建付け調整",1
"キャッチグリスアップ",1
"左ミラーアーム･左右コーナーパネル脱着",1
"ワイパーアームASSY取替",1
"煽りドアキャッチ受けブラケット切断加工調整",1
"ボデー床ダンプ当たり面鉄板張りダンプ降板当たり調整",1
"キャスターストッパー作成作業",1
"キャスターストッパー取替加工",1
"バッテリーブラケット建込溶接修理",1
"鳥居アルミ縞鋼板破損部分応急切断加工",1
"曲がり修正穴掘りリベット留め加工",1
"雨漏り補修コーキング処理",1
"左右フレーム前側腐食部分切断鉄板張り加工溶接2カ所",1
"サイドガード切替加工溶接4本",1
"突っ張り棒切断取替加工溶接1本",1
"出張距離70㎞",1
"左前スケット分解アームハンドル鈑金･ストッパーステン溶接",1
"乗降ハンドル",1
"室内養生作業",1
"シートカバー付替え",1
"左センタースロットルハンドル",1
"ガイド切断取外し",1
"左センタースロットルハンドル切断取外し",1
"燃料タンクバンド切断取替加工",1
"左セイコーラックガイド取外し",1
"左右煽りドア開閉補助装置4ヶ所アームハンドル修正穴掘り通しボルト止め加工",1
"工具箱取付ボルト切断取外し",1
"左ウィング前ロアレール破損部脱着",1
"応急鈑金･亀裂応急アルミ溶接",1
"右煽りドア前後開閉補助装置２個取替",1
"左前煽りドア開閉補助装置穴掘り取替加工",1
"ボルト切断取替加工3本",1
"前後左右フェリーフックブラケット製作取付加工4ヶ所",1
"左右フェンダープレート取付ボルト増し締め点検",1
"ステンボルト取付（ボルト込み）",1
"カプラースイッチレバー製作取替加工",1
"スペアタイヤブラケット脱着",1
"折損ボルト取替（12ミリボルト込み）",1
"乗降ハンドル脱着",1
"1月15日ドライバーシート肘掛け脱着分解応急修理",1
"ボルト穴タップ掛け加工",1
"左サイドガードステップ2枚リベット打ち替え",1
"コーキング打設",1
"右スプリングラバー前後清掃ボルト切断取替",1
"ラバー２個取替加工",1
"リヤゲート嚙み込みヒンジ修理",1
"ピンロック取外し加工",1
"チェーン溶接",1
"キャッチ修理",1
"ハンドル折損取付加工",1
"ロープ2個取付溶接（部品込み）",1
"コボレーンシート押え脱着",1
"シート破損部分補修テープ貼付",1
"ドラックリンク割ピン部加工",1
"バンパーASSY交換",1
"左サイドガード折損切替溶接",1
"センタースロットルキャッチハンドル脱着",1
"ピン曲がり直し",1
"シーム製作取付",1
"ガイドブラケット脱着鈑金",1
"ベゼル交換",1
"リベット打ち2本(材料込み）",1
"左アーチゴム交換",1
"フェンダー脱着修正バックランプ",1
"反射板",1
"テールランプ脱着",1
"歩み板取付ボルト折れ込み修理3本",1
"歩み板取付",1
"ウィングキャッチ受け3個取替加工",1
"左右バックランプステー製作取付溶接塗装",1
"左右フロントキャブサスベローズ交換",1
"ホイールカバー全軸脱着",1
"右ミラー交換",1
"嚙み込みステンボルト切断取替加工6本",1
"ワイパーアーム",1
"ウィンドシールドロアパネル",1
"ミラーロアステイ",1
"ライニング張り替え12枚",1
"ライニング張り替え4枚",1
"ステイ修正折損溶接",1
"ボデー蝶番4個亀裂修正溶接",1
"煽りスケット取替1か所",1
"左右ウィングキャッチ受け",1
"ガート取替加工",1
"溶接ボルト切断取替加工溶接3本",1
"左後ろ煽りドアキャッチ受け取替加工",1
"ワイヤー交換",1
"右ウィング支柱",1
"枠骨応急曲がり直し",1
"ステイ切断応急固定溶接",1
"幌骨差込ブラケット２個加工取替",1
"リベット打ち替え1ヶ所",1
"左ステイ制作取付加工",1
"左サイドガード折損リブ入れ溶接",1
"左右煽りドアスケット4個調整",1
"右キャブサスベローズ交換",1
"燃料サブタンク燃料抜き",1
"床面錆落とし",1
"煽り右異音点検",1
"アルミ縞板脱着",1
"ブッシュ貼付",1
"カプラーロックスイッチ取付ブラケット加工",1
"左右サイドガード折損",1
"亀裂",1
"リブ入れ溶接",1
"ねじ穴製作",1
"左右後ろ煽りドアスケット取替",1
"左バンパーコーナーカバー交換",1
"右ミラー調整",1
"右ウィング中板脱着押え破損部分切断",1
"リレーバルブ清掃",1
"右ウィング異音点検グリスアップ",1
"ウェザーストリップゴム貼付",1
"左右前後4個スケット取替",1
"カーゴナット取替加工5本",1
"架台右上下レール2本脱着2㎝切断",1
"ダンプキャッチ点検応急処置",1
"グリルASSY取替",1
"右ドア開き止めボルト折れ込み修理",1
"煽りドアスケット4ケ取替",1
"右前煽りドアキャッチ脱着修正",1
"支柱コーキング処理",1
"キャッチ取替",1
"架台下段インターロックストッパーブラケット修理",1
"左エアークッション取替",1
"リヤゲート曲がり直し鈑金",1
"インターロックリミットスイッチステン板曲げ加工取り付けステン溶接",1
"左右スケット4ケ調整",1
"サニーホース押さえ曲がり切断取り外し2カ所",1
"左前煽りドア開閉補助装置脱着分解応急修理",1
"鳥居ガードゴム表裏反転取付加工",1
"左サイドガードステー切断",1
"製作取替加工",1
"バルブ接触部分切断修正",1
"ボデー左右支柱6カ所煽りキャッチ固定溶接",1
"リンギ入れ切断取り外し",1
"マニュホルド折れ込みボルト取り外しねじ穴製作",1
"左ナンバープレートステイ修正折損溶接",1
"リブ制作取付溶接",1
"右ドアー雨漏れ応急修理",1
"ルーフ速度灯脱着",1
"レンズ折損接着",1
"雨漏れ点検修理",1
"ウィング開閉作業",1
"右ドアヒンジ２個取替取り付け部分修正",1
"ツイストロック応急修理",1
"右煽りドア破損部分修正アルミ板貼付加工",1
"右煽りドア後ろコーナーカバー脱着",1
"キャッチ受け脱着鈑金",1
"床板脱着加工",1
"コネクタージョイント交換",1
"コネクター折れ込み修理",1
"左前煽りドア前側修理",1
"コーナーポスト取替加工",1
"左ウィング前後スケット点検",1
"右アーチゴム取替",1
"左前煽りドア蝶番ボルト取付加工",1
"右前ショックアブソーバー取替",1
"3.2㎜コの字曲げ材",1
"右ドア蝶番取替",1
"取り付け部曲がり直し",1
"ドア捻じれ修正",1
"左右フレーム取付穴加工",1
"ステップ取付加工",1
"エアークリーナー台車製作（ショートパーツ込み）",1
"右前セイコーラック取替",1
"右ウェザーストリップゴム脱着",1
"右ドアストッパーボルト折れ込み修理2本",1
"フロント左右コンテナロックハンドル曲がり直し",1
"左サイドガード脱着修正",1
"リヤショックアブソーバー2本取替",1
"ライニング張替6枚",1
"左ミラーステー曲がり直し",1
"サイドアンダーミラー交換",1
"バックミラー脱着修正",1
"サイドミラーステイ脱着修正",1
"ライニング10枚張替え",1
"架台ジョルダー折損溶接",1
"ライニング10枚張替",1
"サイドバンパーコーナー製作取付加工溶接",1
"敷ゴム脱着貼付加工",1
"リヤショックアブソーバー脱着",1
"上側ブッシュ取り付け",1
"取り付け部損傷応急修理",1
"リヤゲートロックレバーブラケット6㎜リベット穴掘り打ち替え加工",1
"ハーネスガイド折損補強取付溶接",1
"左後ろフェンダーステー脱着",1
"リヤバンパー補修",1
"右サイドガード切替溶接",1
"クロスメンバー2カ所溶接",1
"左右サイドガード5カ所溶接",1
"左右フレーム前側亀裂溶接",1
"ブレーキライニング8枚張り替え",1
"左サイドガードステー2ヶ所腐食部曲げ鋼材製作パ地あて加工溶接",1
"突っ張りステー1本取替加工",1
"リヤ左ショックアブソーバー取替",1
"タイヤ灯ブラケット脱着折損補強取付溶接",1
"後部大型反射板取替6㎜リベット穴掘り打ち替え加工",1
"床面前側中央コの字曲げ鋼材製作切り替え加工溶接（材料込み）",1
"ウィング点検",1
"マッドガードエプロン取替",1
"ブリッジ側ショックアブソーバー1本取替",1
"リヤ足回り点検",1
"左リヤフェンダー応急引出し修正",1
"左右フレーム亀裂カット表裏溶接8カ所",1
"キャブショック左右4本脱着",1
"左右煽りドア中板20カ所リベット留め加工（材料込み）",1
"左右煽りドア中板20カ所リベット留め加工（部品代金含む）",1
"左右後ろセイコーラックASSY取替",1
"脚立フック製作",1
"リヤゲート右上亀裂切断ステン溶接",1
"左煽りドア補強板取付",1
"左右煽りドアリベット打ち替え加工（部品代金含む）",1
"左右リヤタレゴムガードフレーム製作取付",1
"コネクターブラケット製作取付",1
"左バックミラーアーム",1
"ロアステー取替",1
"カメラ付替え",1
"アンダーカバーステイボルト折れ込み修理2本",1
"ウィングキャッチ交換",1
"内張点検",1
"エア抜きホース取替",1
"躍場取り付け",1
"工具箱分解ブラケット取り付け",1
"左右煽り点検調整",1
"右フラッシャー交換",1
"ラック分解研磨塗装作業",1
"ウィング中板脱着2枚",1
"蝶番修正ボルト取付加工2ヶ所",1
"センタービーム折損部修正補強取付加工1ヶ所",1
"左右蝶番点検",1
"リーンホースメントボルト取付",1
"左ミラーモーター取替",1
"アーム脱着塗装",1
"アーム可動域加工",1
"左右リヤショック２本取替",1
"左右リヤフレーム腐食部分補強材制作取付溶接2カ所",1
"左右配線",1
"右ドアASSY交換",1
"部品組み換え作業3回（塗装不具合の為）",1
"プラットホーム取付折損ボルト取替加工2本",1
"右セイコーラック分解アーム脱着折損修理",1
"左右穴掘りボルト留め加工",1
"右サイドガード折損修正溶接1ヶ所",1
"腐食突っ張りステー1本製作取替加工溶接",1
"ロープ縛り直し",1
"左後ろスケット取り外し嚙み込みボルト切断",1
"荷台左ジョルダーロック切断",1
"ホイストブラケット切断脱着溶接",1
"ジョルダー脱着",1
"左後ろ煽りドアスケット取り付け破損部分修正",1
"スケット取替え",1
"荷台床破損部分張替加工",1
"アーム取替え",1
"リーンホースメント左右取替加工",1
"中板脱着",1
"蝶番曲がり直し取り付け",1
"リヤゲートキャッチ左右脱着修正",1
"外装点検",1
"ラッシングベルト取り外し",1
"左セイコーラック取り外し",1
"右セイコーラック左に移設加工",1
"部品組替作業",1
"右後ろ床枠曲がり直し",1
"パ手入れ鈑金",1
"インターロックスイッチ脱着",1
"レバープレート製作取付加工",1
"床フックケース脱着",1
"右アルミサイドガードASSY取替加工",1
"鳥居シート載せ左右亀裂溶接2ヶ所",1
"滑り止めテープ張替",1
"観音扉コンパネ立て修正",1
"リベット穴掘り留め･コーキング処理",1
"ドライバーシートサスペンション交換",1
"嚙み込みボルト切断",1
"枠骨ステー脱着穴埋め溶接ボルト穴製作加工",1
"左右ステーボルト折れ込み修理",1
"中央ステーボルト折れ込み修理",1
"左右ウィング前後4ヶ所ウェザーストリップゴム清掃貼り付け修理",1
"燃料ホース応急引替え",1
"タイコマフラーカバー脱着",1
"NOXセンサー脱着",1
"折れ込みボルト2本修理",1
"ステップ",1
"エプロンゴム取替え",1
"ステー取り付け部修正",1
"バンパーカバー",1
"エンドカバー取替え",1
"左リヤショックアブソーバー取替",1
"フレーム間清掃",1
"左右バックランプ2ヶ交換",1
"アウトリガーハンドル掛け製作取付",1
"鳥居穴あき応急鉄板張り加工",1
"サイドバンパーリベット打ち替え",1
"ホース2本交換",1
"右煽りドア中板修正リベット打ち替え",1
"ラッシングレール脱着曲がり直し",1
"煽りドアリベット打ち替え",1
"ウィング左後ろシリンダー交換",1
"ウィングルーフ応急雨漏れ修理（部品代金込み）",1
"左テールランプASSY交換",1
"左後ろスケット交換",1
"左右スケット脱着入替4ヶ所",1
"左右フェンダー脱着4ヶ所",1
"スケット応急修理1ヶ",1
"左右メンバーボルト8本切断取替加工",1
"エアーバルブ取替",1
"右後ろウィングキャッチ",1
"右前キャッチ受け取替",1
"ホイールカバー8枚脱着",1
"左右ウィング前後4ヶ所蝶番ピン取替加工",1
"左後ろテールランプ防振ゴム３ヶ所取替加工",1
"左後ろスケット修理",1
"カプラーロックスイッチ加工",1
"コボレーンシート補修",1
"フレーム亀裂7カ所表裏カット溶接",1
"工具箱ステー折損修正溶接",1
"観音扉コンパネブラケットリベット留め加工",1
"ナンバープレートボルト取付ボルト取外し",1
"ナンバープレート取付ボルト取外し",1
"フレームメンバー2本折損部11カ所補強取付加工溶接",1
"左煽りドア捻じれ修理",1
"中柱脱着曲がり直し鈑金",1
"差し込み口修正",1
"工具箱ステー折損溶接",1
"導風板脱着作業",1
"右ウィング前後ウェザーストリップゴム清掃貼り付け修理2カ所",1
"ブレーキホース交換",1
"左リヤ作業灯ステイ脱着折損補強取付ステン溶接",1
"ウィング左右前後4ヶ所ウェザーストリップゴム貼替加工",1
"右テールランプステイステン溶接",1
"テールパイプバンド脱着折損修正溶接",1
"リヤ泥除けゴム取替加工4枚",1
"ステン振れ止め修正",1
"左煽りドア交換･スケット付替え加工",1
"リヤゲート締めフック左右4ヶ所リターンスプリング取替",1
"ライニング14枚張替",1
"左右キャスターストッパー止めボルトマス締め加工",1
"ホースバンド交換",1
"ブロックドリル",1
"工具箱ブラケット台車設計製作塗装一式",1
"左フックピン応急修理",1
"キャブサスベローズ交換2個",1
"右ミラーアーム交換",1
"高速ミラー付替え",1
"左煽りドア取替",1
"スケット付替え加工",1
"左煽りドアセイコーラック取替",1
"工具箱コーキング処理",1
"煽りドアスケット点検調整",1
"エアダクト脱着",1
"インシュレーター交換",1
"ホイールカバー4ヶ所脱着",1
"エキゾーストブレーキシャッター左右交換",1
"三角リフレクター取替え",1
"右ツイストロックピン折損修理",1
"左後ろ煽りドア補助装置取替",1
"右後ろ煽りドア補助装置アーム脱着折損修理",1
"大型反射板左右交換",1
"燃料タンクバンド1本応急修理",1
"右後ろ泥除け振れ止め折損ステン溶接",1
"右ウィングガスケット交換",1
"ガゼットボルト取替加工",1
"右フィニッシャー脱着",1
"右フラッシャー取替え",1
"右ライト取り付け部修正",1
"高速ミラー取り外し",1
"右コンテナロックブラケット切断曲がり直し",1
"補強この字曲げ取付加工溶接",1
"左ウィングガスケット交換",1
"テールランプレンズ交換",1
"左右キャスターストッパー取付加工溶接",1
"サイドミラー交換",1
"ナンバープレートステイ交換",1
"前ステイ脱着折損修理",1
"右サイドガードステイ折損補強溶接修理",1
"煽りドア補助装置点検調整4ヶ所",1
"ブレーキレンズ2個交換",1
"観音扉塗装",1
"エアタンクブラケット加工",1
"ファーストステップ取替",1
"煽りスケット左右4個調整",1
"wナット2個取付",1
"左サイドバンパー脱着",1
"ダンク脱着",1
"前後左右車高灯取り外し",1
"左上部作業灯修正",1
"コボレーンスイッチステイ修理",1
"ナンバープレート取付ボルト折れ込み修理",1
"左右ジャバラパイプ取替",1
"右バス型サイドガード脱着",1
"折損ステイ2本取付溶接",1
"リヤステイ補強取付溶接",1
"リヤナンバー灯折れ込み修理電球交換",1
"右サイドガードステイ2カ所腐食部分補強溶接",1
"右突っ張りステイ2本切り替え",1
"左ウィングキャッチ曲がり直し",1
"左サイドガードステイ腐食部分補強取付溶接2カ所",1
"右サイドガードコーナーパイプ製作切替加工1か所",1
"ウィングキャッチ受け取り付け",1
"右ウィングウェザーストリップゴム交換",1
"コボレーン押え破損部分応急処置",1
"キャッチ修正加工",1
"プラットホームマス締め点検",1
"リヤナンバーステイ左右交換",1
"反射板ステイ曲がり直し",1
"サイドガード左前コーナーパイプ製作切替加工",1
"左右リヤ反射板取替",1
"ブラケット修正折損溶接",1
"オイルミスト",1
"ブレーキライニング4枚張替",1
"庫内ジョルダーストッパー曲がり直し",1
"ステン溶接",1
"左ウィングキャッチ取替",1
"左ステップカバー脱着修正",1
"助手席取り外し",1
"エンジン内",1
"フレーム間清掃作業",1
"右三角リフレクターステイ製作取付加工",1
"燃料タンクバンド2本応急製作取替加工",1
"カプラー点検",1
"左右ウィングルーフリベット打ち替え20本",1
"燃料サブタンク脱着",1
"カプラーロックスイッチ取替加工",1
"配線脱着",1
"燃料タンク応急取り外し",1
"エアードライヤーカートリッジ交換",1
"上下2個インターロックスイッチ脱着",1
"アーム2本脱着延長加工",1
"架台ステー曲がり直し",1
"中央クロスメンバー2本左右亀裂溶接",1
"補強プレート4枚取付加工溶接",1
"インターロックストッパーマーキング加工",1
"左煽りキャッチ脱着調整",1
"左マフラーステイ脱着",1
"鈑金修理",1
"左煽り蝶番修理",1
"左車高灯ブラケット取り換え加工",1
"右後ろ作業灯ステー脱着",1
"補強プレート取付ステン溶接",1
"右サイドガードステー折損",1
"EGR取付ボルト取り外し",1
"ブレーキシューアンカーピンストッパープレート溶接修理",1
"インタークーラー折れ込みボルト取外し",1
"アウトリガー左右補強パイプ折損",1
"ツイストロック点検",1
"リヤバンパー左右ブラケット鈑金修理",1
"バックランプステイ切断付替え加工",1
"左バス型サイドガードステップボルト2本取替加工",1
"セイコーラック4本取替",1
"左煽りキャッチフック製作取付加工",1
"右キャッチ曲がり直し",1
"右後ろセイコーラック取替加工",1
"煽りスケット4個調整",1
"ドライバーシートリクライニング応急修理",1
"ツイストロックハンドル製作取替加工",1
"ステップバンパー鈑金",1
"右フィニシャー",1
"サイドステイ取替",1
"再使用加工",1
"左右サイドガード突っ張り棒6本切り替え加工溶接",1
"左ケーブルガード脱着加工",1
"右ケーブルガード脱着加工",1
"プラットホーム点検",1
"ブッシュ張替加工",1
"鳥居中板脱着",1
"破損部分張替加工",1
"ウィンドシールドロアパネル脱着",1
"右コボレーンシート脱着リベット打ち替え加工",1
"ステンコボレーン枠折損ステン溶接仕上げ補強製作取り付け",1
"セイコーラック取替4ケ",1
"ウィングルーフ点検",1
"センターシート前後補強ステッカー貼り付け",1
"ルーフ枠応急コーキング処理",1
"ネジ山修理",1
"左フェンダーマッドガード交換",1
"ドライバーシートリクライニングねじ山修正ボルト2本取付",1
"左ウィング開閉スイッチブラケット製作移設加工",1
"右ドアストリップゴム脱着修正",1
"踊り場ボルト2本折れ込み修理",1
"踊り場縞鋼板",1
"フレーム間ステイ脱着",1
"ボルト2本取付",1
"ドライバーシートリクライニングレバースプリング交換",1
"バンド3本",1
"中間繋ぎホース取替",1
"踊り場ステイ折損補強取り付け溶接",1
"リンギ入れ枠折損修正溶接",1
"蝶番曲がり直し折損修正溶接",1
"リンギ入13本切断",1
"折れ込み点検",1
"左ウィング開閉応急修理",1
"センターシート点検",1
"雨漏れ応急修理",1
"左ツイストロック分解曲がり直し",1
"右ツイストロック分解曲がり直し",1
"左ツイストロック分解調整",1
"煽りドア補助装置4個取替加工",1
"左煽りドア補助装置応急処置",1
"フロワーマット脱着",1
"ボルト腐食2本取替加工",1
"ボルト3本折損取替",1
"車高灯左ブラケット取替加工",1
"ライニング張り替え8枚",1
"駐車ブレーキハンドル分解嚙み込み修理",1
"ウィングホースバンドリベット打ち替え",1
"左右煽りドア補助装置調整",1
"wナット付替え",1
"左サイドガード取付ボルト折れ込み修理",1
"12㎜ボルトASSY交換",1
"10㎜ボルトASSY取付",1
"ツイストロックレバーブラケット取替加工",1
"左リヤ泥除けゴム押え脱着",1
"折損修正ステン溶接",1
"ステップ脱着付替え加工",1
"反射板取付",1
"クロスメンバー後ろ側3番4番左右亀裂4ヶ所カット溶接",1
"左反射板ステイ曲がり直し",1
"左ステイ曲がり直し",1
"左ウィングキャッチ前",1
"後ろ２個交換",1
"ホイール塗装8本",1
"カプラーレバーピン取替",1
"カーテンランナーフック取り付け溶接",1
"中板1枚脱着",1
"左ウィング枠骨鈑金修理",1
"蝶番取替加工",1
"燃料タンク繋ぎホース脱着",1
"左フィニシャー",1
"クロスメンバー応急曲がり直し",1
"左ドア内張脱着",1
"反射板リベット打ち替え2本",1
"リヤ泥除けゴム3枚取り換え",1
"化粧板付替え",1
"反射板取り換え",1
"アンダーカバーブラケット溶接",1
"左ラックストッパー切断",1
"左前セイコーラック取替",1
"下廻り塗装",1
"左煽りドア補助装置脱着",1
"分解折損修正応急修理",1
"左リヤフェンダー",1
"テールランプASSY",1
"テールランプブラケット曲がり直し",1
"カプラースイッチ交換",1
"リヤカーテンレール脱着",1
"パイプ切断脱着溶接",1
"リング10個交換（部品代金込み）",1
"左フィニッシャー曲がり直し",1
"フォグランプ付替え",1
"右側テールランプ脱着",1
"ステン枠脱着鈑金修理",1
"左側ステイ製作切替加工",1
"右側当たり部分切断修正溶接",1
"観音扉雨漏れ点検",1
"プラットホーム左踊場脱着",1
"ブラケットボルト2本取付",1
"グリル脱着グロメット取替",1
"UDPC取付ボルト折れ込み修理",1
"左サイドガード折損2カ所修正溶接",1
"歯止め入れ折損修正溶接",1
"右前ウィングウェザーストリップゴム取り換え加工",1
"フレームクロスメンバー亀裂6カ所カット溶接",1
"補強取り付け溶接4ヶ所",1
"右タイヤ灯脱着折損修正補強取り付け溶接",1
"左サイドバンパーコーナーパイプ製作切替加工",1
"リヤ右前側シャックル",1
"ブラケット亀裂カット溶接",1
"左サイドバンパー前側コーナーパイプ製作切替加工",1
"煽りドア補助装置4ヶ所切断取り換え加工",1
"右前",1
"左後ろ煽りドア補助装置２個取替",1
"左サイドミラー脱着",1
"サイドアーム修正",1
"右サイドバンパーステイ脱着",1
"ウィングセンターシート雨漏れ点検",1
"キャブチルドロック点検修理",1
"リーフスプリングハンガーブラケット前側左右亀裂カット溶接",1
"左センタースロットル切断取り外し",1
"左ウィングサイドウェザーストリップゴム交換",1
"左右サイドバンパー腐食部分３ヶ所補強取付溶接",1
"左右サイドガード亀裂溶接３ヶ所",1
"巻き込み防止パイプ1本切替",1
"３ヶ所折損溶接",1
"バッテリースイッチ取り付けステイ製作取り付け加工",1
"左右キャスターストッパー取り付け加工",1
"ウィングウェザーストリップゴム清掃応急貼り付け",1
"ダンプボデー左右サブフレーム亀裂6カ所カット溶接",1
"左泥除けプレート亀裂溶接",1
"右泥除けプレート脱着鈑金溶接",1
"リフレクターステイ脱着鈑金",1
"左ジョルダーストッパー切断脱着",1
"ホイスト切断ジョルダー脱着亀裂カット修正溶接",1
"右オイル清掃",1
"左サイドガード1番ステイ製作取替加工",1
"左ミラー分解修理",1
"塗料代金",1
"左煽りドア補助装置交換",1
"踊り場ガタ修理",1
"運転席側ドアー捻じれ修理",1
"踊り場縞板脱着",1
"左右テールランプ交換",1
"テールランプブラケット製作取付加工",1
"右ドア後ろメッキカバー取替",1
"カプラースイッチブラケット取付加工",1
"アドブルーキャップ嚙み込み修理",1
"右カプラー滑り台脱着切断鈑金修理",1
"フレーム取り付け部分修正",1
"左セイコーラック取替2個",1
"UDPC取付ボルト折れ込み修理3本",1
"アンテナ位置替え",1
"4tセンターシート張替",1
"クロスメンバー亀裂溶接6カ所",1
"ウィング後ろ左右リーンホースメント2個取替加工",1
"観音扉キーブラケット交換",1
"スプリングシート4ヶ所前後亀裂溶接",1
"左サイドガード2番ステイ腐食部分切替",1
"3番腐食部分コーナーパイプ製作切替",1
"突っ張りパイプ切替",1
"マーカーランプ脱着配線引替え",1
"リフレクター貼替",1
"ラッチ脱着清掃",1
"アーム脱着修正",1
"キーシリンダー脱着清掃",1
"ウィングオイル漏れ点検",1
"右バンパーフィニッシャー",1
"コーナーカバー交換修正",1
"左フラッシャー",1
"左ドアストッパーボルト折れ込み修理",1
"燃料タンクキャップ破壊交換",1
"左サイドガード折損部切り替え加工溶接",1
"マフラー防熱カバー折れ込みボルト修理",1
"クロスメンバー亀裂不良箇所溶接修理",1
"テールパイプブッシュゴム取付",1
"カプラーロック",1
"ラッチ切断交換",1
"ガッチャロックピン溶接",1
"左観音扉コンパネ入れリベット打ち替え",1
"ジョルダーストッパー切断ジョルダー脱着",1
"ローラー脱着",1
"左フェンダー亀裂溶接",1
"滑り台収納レール3本折損部ステイ製作取付加工",1
"右前煽りドア補助装置取替",1
"観音扉クランプ塗装",1
"サイドガードASSY脱着",1
"踊り場左縞鋼板脱着",1
"オイルタンクブラケット修正ボルト折れ込み修理",1
"リヤ左右アーチゴム取替",1
"左後ろ煽りドアキャッチ取替",1
"中間エキゾーストパイプ腐食部分鉄板張り修理",1
"三角リフレクター穴掘り位置替え付替え加工",1
"三角リフレクター取替ボルト折れ込み修理",1
"左右サイドガードステップリベット打ち替え加工",1
"雨切り取替加工",1
"ツイストロック分解点検",1
"ブラケット曲がり直し溶接",1
"ステイ脱着ボルト切断取替加工",1
"押えボルト製作取替",1
"フックステイ折れ込みボルト6本修理",1
"ステイ取付加工",1
"荷台ベアリング4個取替加工",1
"ローラーブラケット補強取付ステン溶接",1
"左前ウィングキャッチ受け脱着鈑金",1
"工具箱蓋応急修理",1
"鳥居折損修理及び補強製作取付加工",1
"リヤ左右床枠フェンダー4ヶ所腐食溶接修理",1
"架台左中側ジョルダー脱着加工折損溶接",1
"分解鈑金修理",1
"腐食部分補強板2枚製作取付加工",1
"プラットホーム架台溶接",1
"左右サイドガード折損溶接３ヶ所",1
"左床枠点検",1
"後ろキャッチ脱着鈑金修理",1
"右テールランプブラケット製作取付加工",1
"ブッシュゴム切断取替",1
"青塗装",1
"アドブルーキャップ",1
"燃料タンクキャップ2個シリンダー分解取替",1
"左サイドミラー型違い取替加工",1
"リヤナンバーブラケット脱着鈑金修理",1
"左右観音扉ウェザーストリップゴム取替加工",1
"燃料タンクキャップチェーン取付",1
"左右ステイ脱着修正",1
"左中柱ウィングキャッチ交換",1
"中央クロスメンバー4本左右亀裂溶接",1
"カプラーワイヤー交換",1
"右後ろツイストロックブラケット切断製作鈑金",1
"反射板脱着",1
"ツイストロック取替",1
"2軸",1
"3軸左右バックプレート清掃",1
"燃料抜き替え作業",1
"右後ろウィングシリンダー修正",1
"バックカメラブラケット折れ込みボルト修理",1
"右テールランプブラケット取替",1
"テールランプ取り付け",1
"右前サイドバンパーステイ折損溶接補強取付",1
"ダンプ右破損部分修正",1
"曲げ鋼材製作貼付溶接",1
"右前スケット交換",1
"中柱キャッチ曲がり直し",1
"カプラースイッチブラケット加工",1
"左ドア捻じれ修理",1
"スイッチ加工",1
"右ドア嚙み込み修理",1
"幌骨脱着",1
"キャップ",1
"中蓋付替え",1
"フラッシャー取替え",1
"左サイドガード穴掘り切断ステン溶接取替加工",1
"研磨",1
"横根太ステイ切断付替え加工",1
"ウィング蝶番取替",1
"補強板製作取付加工",1
"燃料タンク渡りホースコック",1
"メクラプラグ交換",1
"踊り場脱着ボルト嚙み込み修理",1
"ニップル交換7個",1
"可動部清掃",1
"ウィング蝶番ピン取替加工",1
"右ミラー",1
"工具箱2個脱着",1
"下段塗料清掃",1
"踊り場塗料清掃",1
"右ウィングホース取替加工",1
"泥除けプレート脱着",1
"テールランプ配線引き換え",1
"支柱清掃",1
"大型反射板左右入替",1
"右前セイコーラック脱着分解曲がり直し",1
"スプリングボルト折損修理",1
"煽りキャッチ5本取替加工",1
"煽りキャッチ受けボルト折損修理2本",1
"右後ろセイコーラック交換",1
"右前スケット取り外し",1
"左後ろ脱着右前付替え",1
"モーター交換",1
"テールパイプバンド脱着",1
"折損部分製作取付溶接",1
"リッドラッチ左右取替",1
"ドライバーシート点検",1
"リヤバンパー取付",1
"左右ステイ脱着曲がり修正",1
"左セイコーラック２個取替",1
"敷ゴム2本製作貼替え",1
"煽りキャッチハンドル曲がり修正",1
"アンダーミラー付替え",1
"右中央煽りドアコーナーポスト脱着リベット打ち替え",1
"キャッチ受け脱着下駄製作取付加工",1
"全面キャッチ受け増し締め点検",1
"左右煽りスケット点検調整",1
"後ろ左右スケット分解ロッド位置替え調整",1
"左右煽り点検",1
"ナンバープレートブラケット曲がり修正",1
"右作業灯ステイ製作取替加工",1
"サスペンションブラケット点検増し締め",1
"右荷台収納キャッチ２個取替加工",1
"左右煽り点検スケット調整",1
"wナット取付4ヶ所",1
"左後ろタイヤハウスカバー脱着リベット打ち替え加工",1
"床枠応急下駄製作取付加工",1
"ウィング蝶番ボルト折れ込み取替加工",1
"右前スケット取り換え加工",1
"左ステンレス",1
"コの字曲げ保護プレート製作取替加工",1
"ステンレスステイ製作取替加工",1
"左ステンレスサイドガード脱着曲がり直し",1
"仕切り板脱着曲がり直し",1
"タイヤ灯脱着",1
"スペアタイヤ脱着",1
"左作業灯ステイ折損補強取付溶接",1
"配線修理",1
"ニップル脱着",1
"可動部清掃作業",1
"右サイドガードステイ応急曲がり直し折損溶接",1
"フェンダー応急修理ステイ折損溶接",1
"渡りコック2個取替",1
"パイプ1本点検",1
"1本穴埋め溶接",1
"左踊場脱着",1
"リヤゲートキャッチ分解曲がり直しロックボール",1
"スプリング取り換え加工",1
"ハンドル折損修正取付溶接",1
"キャブフロントステイ左右脱着",1
"ショックアブソーバ左右交換",1
"燃料タンクバンド1本切断取替",1
"コンプレッサー排気管製作",1
"左右フロントリーフバンド折損修正溶接",1
"ヘッドライト交換",1
"左ステップブラケット脱着修正",1
"右サイドフラッシャー脱着ボルト取替加工",1
"ステイ取付加工溶接",1
"リヤナンバーブラケット鈑金",1
"折損ボルト取替",1
"可動リヤバンパーシリンダー応急取付溶接",1
"右ミラーアーム点検",1
"マス締め",1
"右前ウィングキャッチ",1
"キャッチ受け交換",1
"ウィング蝶番2番目左右2カ所破損部分補強製作取付修理",1
"躍場左側縞鋼板",1
"燃料タンク位置替え",1
"バックプレートボルト折損修理4本",1
"バンド",1
"左右煽りドア補助装置点検調整4ヶ所",1
"リッド点検",1
"ペラシャフトプロテクター折損溶接",1
"パワステオイルホース２本取替",1
"右前ウィングキャッチ塗装",1
"左右三角反射板交換",1
"左ブラケット修正亀裂溶接",1
"ボルト嚙み込み修理２本取替",1
"右ウィングホース",1
"左前ショックアブソーバー交換",1
"ステン枠曲がり直し",1
"テールランプ下駄2本製作取付加工",1
"観音扉点検",1
"ジャンパーホース交換",1
"左キャスターストッパー切断鈑金",1
"右サイドガード脱着修正",1
"コーナーガード脱着鈑金",1
"プラットホーム前枠骨ボルト2本取替加工",1
"煽りキャッチ点検応急修理",1
"左車高灯ベース板修理",1
"工具箱",1
"踊場右縞鋼板",1
"ジャバラパイプ",1
"UDPC取り外し",1
"腐食ボルト取外し修理",1
"カバーナット取替加工",1
"左バンパーフィニッシャー交換",1
"インナーバンパー曲がり直し",1
"スポイラー脱着穴掘り付替え加工",1
"右バックランプステイ脱着鈑金",1
"プラットホーム縞板脱着鈑金",1
"嚙み込みボルト取替加工",1
"右前ウィングウェザーストリップゴム清掃貼り付け",1
"燃料ホースコネクター取り換え加工4ヶ所",1
"ホース２本引替",1
"コールゲートパネル応急処置",1
"左煽りドア前側コーナーポスト取り換え加工",1
"右ウィングセンターキャッチ脱着曲がり修正",1
"フロントナンバー脱着",1
"バンパーアンダーグリル脱着グロメット取替",1
"アッパーグリル交換",1
"2階左右フロアー可動パネル蝶番折損修正溶接2ヵ所",1
"右泥除けステンステイ折損溶接",1
"左テールランプステイ脱着鈑金",1
"バンパーステイ脱着鈑金",1
"クロスメンバー亀裂三カ所補強切断溶接仕上げ",1
"カプラースイッチ取付ブラケット加工",1
"アウトリガー左右",1
"突っ張りステー交換",1
"取り付け部鈑金",1
"サンドシュー付替え加工",1
"ポールガイド取替加工4ヶ所",1
"キャスターストッパー変形切断",1
"ウィングシリンダーオイル漏れ点検（左後ろホース破損あり）",1
"右ウィングコールゲートパネル5枚張替加工",1
"支柱4本曲がり直し",1
"ドライバーシートASSY取替ボルト折れ込み修理",1
"左アウトリガースプリング取り換え",1
"カプラーガイド取り換え",1
"サブタンク燃料抜き取り",1
"左右ファーストステップロアカバー",1
"リヤフラッシャーASSY取替",1
"ロアカバー",1
"フロントキャブサスマウントリンク脱着リンクブッシュ嚙み込み取外し交換",1
"メイン燃料タンクホース延長サブタンク付替え加工",1
"リヤバンパー折損鈑金修理",1
"タンクバンドマス締め",1
"アドブルーキャップ分解取替加工",1
"右キャブフェンダー回り応急鈑金修理",1
"マッドガード及びステイ取替鈑金加工",1
"タイヤハウスカバー取替加工",1
"リンクブッシュ前後切断取替加工",1
"センターシート張替加工",1
"フラッシャー取替",1
"フロンバンパー脱着",1
"左右フォグランプステイ取り外し",1
"ガードバンパーボルトワッシャー4枚製作取付",1
"センタースロットル",1
"レール鈑金加工",1
"工場内清掃代行",1
"プラットホームブッシュ張替加工",1
"左右大型反射板取替(傘リベット8本込み）",1
"右後ろシリンダーピン折れ込み取替加工",1
"蝶番点検",1
"ボデー左前ドアー脱着鈑金",1
"コーナーポスト切断脱着鈑金",1
"クロスメンバー亀裂2ヵ所カット溶接",1
"左ウィングキャッチ受け鈑金",1
"シート1部脱着リベット打ち替え加工",1
"左右ドアウェザーストリップゴム取替",1
"スカッフプレート脱着腐食ビス取替加工",1
"クロスメンバー亀裂カット溶接",1
"左後ろセイコーラック取替加工",1
"持ち込みマフラー分解脱着",1
"UDPC",1
"DOC清掃付替え加工",1
"折れ込みボルト修理4本",1
"リヤゲート嚙み込み修理",1
"ダンプキャッチ2個分解修理",1
"キャッチロックボールジョイント取付加工溶接",1
"ポール2本曲がり直し亀裂溶接",1
"枠骨異音点検ボルト取付加工３ヶ所",1
"左右スケット分解調整4ヶ所",1
"駐車ブレーキブラケット亀裂2ヵ所カット溶接",1
"ボルト嚙み込み修理",1
"燃料タンク2個脱着入替",1
"付属品付替え",1
"右ドアミラーアーム脱着ボルト取り替え加工",1
"左右スケット4個調整",1
"ドライバーシートブラケット交換",1
"エキゾーストパイプ折損修正溶接",1
"クロスメンバー亀裂溶接",1
"右ドアパネル内側鈑金",1
"左サイドガード折損部分切替溶接",1
"フラッシャーステイ切断付替え加工",1
"右後ろウィングキャッチ受け",1
"コーナーガード取り替え加工",1
"バッテリー縞板キャッチ取替調整",1
"リヤナンバーブラケット折損溶接",1
"右後ろ煽りスケット応急取外し",1
"左ドアー内張り",1
"サッシュ",1
"アウターハンドル脱着",1
"安全ガラスアウターカバー脱着異音防止加工",1
"右コボレーンシャフト曲がり直し",1
"右ウイング枠骨ステー腐食部分切断付け替え溶接",1
"補強リブ制作取付",1
"枠曲がり直し",1
"枠腐食部分切断フラットバー切替溶接",1
"リベット打ち換え",1
"アンダーミラー点検応急貼付",1
"タイコマフラー後ろ差し込み口鈑金",1
"腐食3ヶ所穴埋め溶接",1
"右前煽りキャッチ脱着フック制作取付加工溶接",1
"床板修正",1
"ウイング蝶番グリスアップ",1
"右観音扉下側中板切替ステー取付加工",1
"キャッチシャフト",1
"開き止め脱着付替え加工",1
"裏鋼板切替接着加工",1
"コーキング入替加工",1
"左踊場脱着折れ込み取替加工２本",1
"踊場枠脱着",1
"アウトリガーブラケット曲がり直し",1
"ブラケット２本取替",1
"左アッパーステップ",1
"ステップウォール脱着修正",1
"左右後ろ煽りドアキャッチ取替",1
"左右バンパーステー脱着曲がり直し",1
"バンパー取り付け部引出し鈑金",1
"煽りドアーキャッチ点検ナット取付",1
"ウイングキャッチ",1
"煽りドアーキャッチ塗装取替",1
"左右泥除けゴム脱着ブラケット切断脱着曲がり直し付け替え溶接",1
"左右泥除けプレート亀裂溶接",1
"鋼板ブッシュゴム張替加工",1
"UDマーク脱着",1
"両面テープ貼替加工",1
"左右キャスターストッパー取付",1
"左右サブフレームブラケット亀裂カット溶接",1
"マーカーランプ取付ボルト切断加工",1
"支柱パイプ曲がり直し鈑金",1
"床板右腐食切断張替加工",1
"レギュレーター",1
"蝶番",1
"右コーナーパネル取替取付部分引出し修正",1
"泥除けゴム化粧板脱着付替え加工",1
"リヤゲートヒンジ部分腐食切替加工溶接",1
"ジャバラパイプ下側穴埋め溶接",1
"シートブラケット脱着",1
"ギヤボックス切断脱着溶接",1
"ギヤ嚙み込み修理",1
"CIタップボルト45本",1
"コーキング１本",1
"右サイドガード折損部修正溶接5ヶ所",1
"左サイドガードステー曲がり直し鈑金",1
"20あパイプメートル1本切り替え加工溶接",1
"折損部2カ所修正溶接",1
"キャッチ塗装",1
"燃料タンクバンド4本取替",1
"ジャバラパイプ下側腐食部分パイプ切替加工溶接",1
"クッションゴム取替貼付２枚",1
"右メッキコーナーベゼル取替",1
"クッションステー取替",1
"左ファーストステップブラケット修正",1
"ステップ２枚脱着研磨",1
"ウィング支柱アルミカバー脱着曲がり直しリベット打ち替え2本",1
"ステンステー穴掘り6ミリリベット打ち３本",1
"工具箱大型へ取替加工",1
"ブラケット３本製作取付溶接",1
"床鉄板取付加工",1
"牽引フック取外し",1
"右フラッシャーランプ",1
"右フォグランプ取替",1
"サイドガードコーナーパイプ1本製作切替溶接",1
"パイプ曲がり直し",1
"パイプ亀裂溶接",1
"左中古リヤフェンダー穴掘り取替加工",1
"リヤナンバー灯取替ステー曲がり直し",1
"右サイドガード折損溶接4ヶ所",1
"蝶番修正ボルト取替加工３ヶ所",1
"右リア泥除けゴム取替",1
"右ドアー応急建付け調整",1
"ストライカー応急引出し修正",1
"ドアヒンジ応急曲がり直し",1
"インターロックスイッチ脱着スイッチレバー延長加工",1
"リヤゲート亀裂カットステン溶接10ヶ所",1
"右観音扉ストリップゴム接着貼付",1
"煽りドアステンキャッチ傷研磨仕上げ",1
"右サイドガード2本",1
"コーナーカバー2個取替2個脱着付替え加工",1
"歯止め入れ付替",1
"リヤ泥除けゴム取替3枚･フェンダー脱着･ステー曲がり直し･化粧板付替え切断加工",1
"右ファーストステップ脱着･ステー脱着修正",1
"左右アウトリガー溶接ブラケット切断取替加工",1
"戸当たりゴム取替1個",1
"ワッシャー製作１枚",1
"溶接ナット切断仕上2カ所",1
"右フレームリヤバンパーステー取り付け部分曲がり直し",1
"左前支柱折損部修正補強プレート制作取付加工",1
"左右前補強ブラケット亀裂溶接",1
"左中央ウィングドアキャッチ切断",1
"型違いキャッチ取付溶接",1
"反射板脱着曲がり直し付替え加工",1
"左サイドガードステー折損部2カ所修正溶接",1
"リヤ床枠中央右曲げ鋼板製作切替加工溶接",1
"テールランプ穴切断加工",1
"ナンバー灯移設ブラケット製作取付溶接",1
"床枠塗装配線穴政策う",1
"左観音扉下側枠ゴム取付加工",1
"右コーナーパネル脱着曲がり直しステー折損溶接",1
"左サイドガードピン取付",1
"躍場右後ろネジ山修正ボルト取替加工３ヶ所",1
"レベリングセンサー",1
"左バンパーステー取替",1
"右ステー脱着修正",1
"左前ステンフェンダー脱着",1
"鳥居前左右2カ所フック製作取付溶接",1
"Uバンド切断取替",1
"右ドア内張り脱着",1
"インナーハンドル取替",1
"ドア健付け調整",1
"左後ろフェンダー脱着リベット打ち替え加工3本ボルト２本取替（リベット",1
"ボルト込み）",1
"左前右後ろアーム亀裂カット溶接2カ所",1
"メンバー反射板取付腐食部切断ステー制作取付溶接",1
"ナット側破損部切断ナット取付溶接",1
"アピトン床板2枚",1
"ナット側破損部切断",1
"ナット取付加工溶接",1
"8ミリボルトASSY2本",1
"5ミリボルトASSY2本",1
"丸形リフレクター1枚（込み）",1
"滑車左上下ガイドレール2本10ミリカット仕上",1
"燃料タンク2個取替",1
"バンド4本取替",1
"リヤバンパー折損部切断修正取付溶接",1
"左ナンバー灯ASSY取替",1
"左右ガスダンバー取替",1
"ホースクランプ脱着",1
"出張費",1
"左右オートグリスホース４本脱着ニップル固定板製作取付2枚",1
"タンクブラケット2本穴掘り加工取替",1
"リヤ鋼板全面亀裂カット溶接",1
"溶接部錆止め塗装",1
"右工具箱ステー補強材取付溶接2ヵ所",1
"作業部錆止め黒塗装",1
"左サイドガード後ろ腐食部分切断曲げ加工2ヶ所パイプ製作",1
"踊り場枠骨右ステー脱着折損溶接補強材取付溶接",1
"左工具箱補強ステー取付溶接",1
"左リヤタイヤホイルカバーブラケット曲がり直し亀裂溶接",1
"カバー取付修正",1
"左バックミラー取替",1
"ステー修正固定",1
"左ステン枠研磨仕上げ",1
"テールパイプマフラー折損修正溶接",1
"右前ウィング補強板脱着リベット打ち替え",1
"溶接蝶番2個取替加工",1
"幌骨パイプ入れリベット打ち替え",1
"ツイストロックハンドルストッパー製作取付加工",1
"右ステンサイドガード3番ステー脱着",1
"ボルト折れ込み取替",1
"ステー折損カットステン溶接仕上",1
"左ウィング中央コールゲートパネル2枚取替加工",1
"中柱曲がり直し鈑金",1
"リヤ反射板リベット打ち替え2本",1
"左ウィング4番目コールゲートパネル取替加工",1
"左踊場脱着異音点検枠骨ボルト取替加工",1
"フロントグリル化粧カバー脱着",1
"右ライトブラケット取替",1
"右ライトブラケットASSY取替",1
"燃料タンクバンド2本切断取替",1
"右ウィング後ろ枠骨亀裂カット溶接３ヶ所",1
"荷台床面亀裂4ヶ所溶接",1
"アルミ板曲がり直し鈑金",1
"リヤゲート亀裂カットステン溶接",1
"右コーナーパネル組替取替",1
"コーナーガード",1
"ステーASSY取替加工",1
"左3番サイドガードステー切り替え加工溶接",1
"右サイドガードステー2番3番亀裂溶接",1
"右煽りドア亀裂部修正補強材製作取付加工",1
"左リヤフェンダー脱着鈑金",1
"床破損部曲がり修正",1
"右ヘッドライト脱着",1
"フラッシャー取替取り付け部分修正",1
"右サイドガード20Aパイプ切替加工溶接",1
"14ミリボルトASSY3セット",1
"リベット部品課支給",1
"アンダーミラー脱着",1
"カバー接着貼付",1
"テープパイプ脱着",1
"クランプ修正",1
"吊り下げハンガー修正",1
"クッションケース脱着曲がり直し鈑金",1
"サイドミラー調整",1
"アーム脱着応急修正",1
"前左右車高灯取外し",1
"ブラケット取付加工2個",1
"反射板2枚式穴掘り付替え加工",1
"ガゼットボルト切断取替",1
"左右反射板2枚穴掘り取替加工",1
"右コーナーパネル脱着曲がり直し",1
"右ドア脱着ヒンジ取付部分鈑金",1
"ヒンジ取替",1
"左右バックランプステー製作取付加工",1
"補強板取付溶接",1
"左サイドガード後ろステーパイプ腐食部分切断切替加工溶接",1
"左後ろサイドガード1本取替加工",1
"1本修正",1
"ステー2本曲がり直し",1
"左サイドガードステー腐食部分切断切替パイプ溶接2カ所",1
"ウェザーストリップゴム2本取替",1
"両面テープ取外し仕上げ",1
"コーキング1本",1
"左サイドガード4番ステー腐食切断製作取替加工",1
"左フェンダーカット",1
"センタースロットルキャッチ取り外し",1
"後ろ燃料タンクバンド2本取替",1
"化粧板取付2枚",1
"ドア蝶番取替",1
"取り付け部分引出し鈑金",1
"左サイドガードステー腐食部分切断切替加工溶接",1
"ロングボルト2本取替",1
"左右フォグランプ",1
"ナンバープレート取替",1
"左右ドアメッキガーニッシュ取替",1
"馬蹄フック補強溶接15個",1
"右ドアー曲がり直し修正",1
"アルミ板脱着修正",1
"右前Uボルト脱着折損溶接",1
"煽りチェーンカット取外し",1
"左右ロックプレートボルト取替",1
"左右リフレクター4個取付",1
"左ステー1枚製作取付溶接",1
"左右フロント煽りドアスケット取替",1
"ウィング枠前後左右4ヶ所蝶番ブラケット取替加工中央蝶番破損部補強制作取付加工",1
"前後左右ウィング蝶番ピン6本取替",1
"観音扉左右下側2カ所蝶番補強ボルト取付溶接",1
"左右観音扉ラッシングレール4枚取付加工",1
"（6㎜リベット16本込み）",1
"左右ウィング中柱鈑金",1
"リヤステップバンパー脱着曲がり直し",1
"アルミステップ脱着曲がり直し",1
"左右前スタンション切断加工",1
"スケット脱着アーム付替え加工",1
"",1
"アッパーフェンダースプラッシュゴム脱着貼り付け加工",1
"サイドガード折損1本溶接",1
"左右ウィンググリスアップ点検",1
"左フェンダー応急曲がり直し",1
"突っ張りステー脱着応急鈑金",1
"左サイド床鉄板張替",1
"キャスターストッパー取替",1
"左コボレーン前枠骨折損補強取り付けステン溶接",1
"リヤナンバーブラケット曲がり直し修理",1
"右リヤバンパーステー切断曲がり直し溶接",1
"右サイドバンパー折損部2カ所溶接",1
"歯止め収納ケース突っ張りステー製作取り付け加工",1
"ステー取付部引出し",1
"左右テールランプブラケット曲がり直し",1
"テールランプ交換",1
"エア抜きホース取付",1
"ブラケットブッシュゴム貼り付け加工",1
"右ファーストステップブラケット脱着修正",1
"左アンダーミラー取替",1
"左右ウィング中板後ろ抑えバー修正リベット打ち替え",1
"インナーバンパー左引出し修正",1
"左ステップステー脱着修正",1
"フォグステー鈑金",1
"右前ウィングコーナーブロック脱着",1
"キャッチ受け脱着曲がり直し",1
"左右サイドラバーブラケット脱着",1
"コンデンサステー脱着",1
"サイドラバー取替",1
"煽りドア蝶番ピン取付加工３ヶ所",1
"右後ろサイドガードコーナー製作取付加工",1
"4個",1
"左右ホームストッパー取付",1
"折れ込みボルト取り外しタップ加工",1
"左右煽りドアキャッチ２個取替",1
"左フラッシャーレンズ取替",1
"応急引出し",1
"折損部ボルト止め加工",1
"フレーム側ボルト折れ込み取外し加工",1
"配線ステー脱着",1
"パイプクランプステー脱着",1
"折れ込みボルト修理",1
"左テールランプ取り換え",1
"左ステップ",1
"メインステー修正",1
"センタースロットル脱着修正",1
"左サイドガード折損修正取付溶接",1
"右ピラーヒンジ取り付け部分修正亀裂溶接",1
"面取り仕上",1
"ステンマーカー2個製作",1
"材料UD支給",1
"社外品タンクブラケット2本補強取付",1
"穴掘り加工",1
"燃料タンクバンド２本交換",1
"左前ステンサイドガード折損修正ステン溶接",1
"サイドブレーキハンドル折損切断曲げパイプ製作切替加工溶接",1
"サイドガード左3番ステー折損溶接",1
"右パイプ腐食切替加工溶接",1
"前衝立折損修正補強製作取付加工溶接",1
"テールランプ配線留め6個取付溶接",1
"リヤショックアブソーバー左右交換",1
"セイコーラックリベット打ち加工",1
"左右リヤフェンダー脱着腐食部分修正補強取付修理",1
"乗降ハンドル取外し",1
"ステー脱着折損修正溶接2本",1
"突っ張りステー製作取付加工6本",1
"右前スプリングニップル折損取り外し取替加工",1
"ドア",1
"ピラースポンジ両面テープ取り外し仕上げ",1
"左サイドガード後コーナーパイプ2本製作切替加工溶接",1
"亀裂３ヶ所溶接",1
"床面フックボックス錆落とし2個",1
"左ストライカー交換",1
"ドア内張脱着",1
"サッシュ折損修正溶接",1
"右ウィング中板脱着ガイドレール破損部分応急切断",1
"左右サイドガード折損修正溶接5カ所",1
"紛失キャッチ受け取り付け加工",1
"左右ケーブル脱着",1
"左ウィングキャッチ1個交換",1
"中央蝶番折損部修正補強取付加工",1
"左右煽りドア後ろキャッチ受け修正根角ボルト4本取付加工",1
"ニップル調整点検",1
"ダンプリヤゲートキャッチ分解修理",1
"左ステップブラケット脱着応急曲がり直し",1
"ステップ持込取替",1
"キャブサスベローズ交換1個",1
"キャブリヤショックアブソーバー取替２本",1
"バックランプ2個交換",1
"配線点検",1
"シートサスペンション座面脱着点検",1
"タイコマフラーステー折損部修正溶接",1
"右ファーストステップカバー交換",1
"フロントエアークッション左右取替",1
"4×40アングル1本（UD在庫品）",1
"荷台ストッパー差込ブラケット製作取付",1
"左右サイドガードステー２本脱着曲がり直し鈑金",1
"溶接ステー切断鈑金付替え加工",1
"リヤステップバンパー応急引出し修正",1
"UDマーク交換",1
"ヒンジ取り付け部修正",1
"6㎜フラットバー(UD支給品）",1
"フラットバー9×50",1
"4本",1
"（UD支給）",1
"左サイドガードコーナーバンパー3本製作切替加工溶接",1
"サイドガード1本切替加工溶接",1
"突っ張り棒1本切替加工溶接",1
"ステー3本曲がり直し",1
"左スケット２個調整下駄製作取り付け加工",1
"アームハンドル折損溶接2カ所",1
"2月20日ドライバーシート肘掛け交換",1
"オートグリス集合ブラケット部分パイプ破損切断切替加工3本",1
"左右ダンプキャッチローラーブラケットグリス清掃作業6カ所",1
"コネクター取り外し取り付け部分鈑金",1
"左ドアーパネルASSY交換",1
"アウターカバー",1
"ランプ脱着ゴム交換",1
"右ドアーヒンジ上下取替",1
"ドアヒンジ２個",1
"アクセルワイヤー交換",1
"ドアーヒンジ交換",1
"右サイドガードリベット1本打ち替え",1
"左リヤスプリングハンガー亀裂溶接",1
"ドアフラッシャー",1
"バイザー交換",1
"鳥居左右アルミガード版破損部分鈑金アルミ板貼付加工",1
"左右サイドガード折損溶接",1
"左リヤバンパーステイ腐食部分補強取付加工",1
"右ドアー脱着捻じれ修理",1
"ヒンジ取替取り付け部分修正",1
"右前ピラー引出し鈑金",1
"パワーウィンドウスイッチ交換",1
"ショートパーツ（アルミ板",1
"両面テープ",1
"4ミリドリル",1
"4ミリリベット）",1
"4.5㎜3面曲げ材",1
"車両下側部品用移動台車製作",1
"リヤ左右コンテナロック分解ロックヘッド曲がり直し",1
"スプリング取替加工",1
"バッテリーカバーポップアップナット取替加工2カ所",1
"三角リフレクター取替",1
"右サイドガードライトゲージコーナー製作取付溶接",1
"中央15Aパイプ切替溶接",1
"エアタンクステー取り付け部L曲げ鋼材製作取付溶接",1
"メンバー亀裂4ヶ所カット溶接",1
"鳥居庫内側縞板修理",1
"左ミラーステー取付ボルト折れ込み修理",1
"取り付け面修正",1
"塗料16ℓ",1
"ジョルダー折損修正溶接",1
"アピトン床板",1
"アルミバンパーASSY交換",1
"ステイ脱着修正",1
"サイドガードステー3本取替加工",1
"キャブブリッジ右クッション脱着",1
"ブリッジ亀裂溶接",1
"左右バックランプ交換2ヶ",1
"メイン燃料タンク社外品取替加工",1
"ブラケット2本穴掘り加工",1
"パ￥キングブレーキワイヤー取替",1
"エンジンアンダーカバー2枚取付",1
"キャブショック交換",1
"チャージパイプ交換",1
"左3番中柱脱着曲がり直し鈑金",1
"車幅灯ASSY交換",1
"右コーナーパネル脱着応急修理",1
"右ドアー建付け修理",1
"左踊り場縞鋼板脱着",1
"サイドガード一部脱着",1
"リヤバンパー交換",1
"ドライバーシート座面脱着固定クリップ取替",1
"6㎜コの字曲げ鋼材",1
"キャブショック左右2カ所交換",1
"タイコマフラー前側亀裂溶接",1
"ブレーキスイッチリレー交換",1
"ハザードランプレンズ2個交換",1
"ブレーキリレースイッチ取替",1
"中間パイプ穴埋め溶接2カ所",1
"左右サイドガードコーナーパイプ2本製作切り替え加工",1
"サイドガード1本切替",1
"メンバー左右亀裂溶接",1
"ボルト折れ込み修理4本",1
"左右カプラー滑り台2本脱着鈑金修理",1
"フロントツイストロックレバー脱着曲がり直し",1
"左サイドガード突っ張り棒２本取替溶接",1
"ステイ2本補修溶接",1
"左煽りキャッチ受けボルト留め加工",1
"右ドアーヒンジ２個",1
"ピラーヒンジ取り付け部分鈑金",1
"フロントキャブショックアブソーバー1本取替",1
"左観音扉修正",1
"蝶番応急曲がり直し",1
"鳥居書類箱脱着付替え加工",1
"スチール鋼板張替加工",1
"左サードステップ",1
"ステップカバー",1
"運転席側シートクッション取替",1
"木枠梱包廃棄作業",1
"左ツイストロックハンドル曲がり直し",1
"踊り場縞鋼板脱着",1
"枠骨ステイ穴掘り12㎜ボルト止め加工2本",1
"穴掘り10㎜ボルト止め加工1本",1
"左ウィング後ろリーンホースメント取替加工",1
"サイドバンパー取付部2カ所穴掘り加工12ボルト取付（部品代金込み）",1
"アンダーステイ交換",1
"左ステップカバー脱着",1
"インナーバンパー右ステイ脱着曲がり直し",1
"工具箱下側蓋キャッチ取り換え",1
"左右バンパーステイ脱着曲がり直し",1
"左右ステップステイ修正",1
"テールレンズ交換",1
"バイザー張替",1
"反射板穴掘り取替加工",1
"左後ろウィングウェザーストリップゴム清掃貼り付け加工",1
"左サイドバンパー4番ステイ腐食補強取り付け溶接",1
"右リンギ入れ亀裂2カ所カット溶接",1
"左右煽りドア補助装置点検",1
"左ウィング後ろウェザーストリップゴム交換",1
"右泥除けゴムステイ折損修正溶接",1
"左サイドガードステイ曲がり修正",1
"左サイドガード2本曲がり修正",1
"ジョルダーローラー2個脱着点検",1
"修正加工",1
"左右サイドガード腐食部12カ所切替加工",1
"DPFマフラー折れ込みボルト4本取外し",1
"社外品タンクバンド２本",1
"天井周りコーキング",1
"リヤナンバー灯穴掘り取替加工",1
"メンバー亀裂9カ所",1
"左右乗降ハンドル切断仕上げ",1
"センタースロットルガイドレール脱着鈑金",1
"タイコマフラー折損修正溶接",1
"左後ろコーナーキャスティング取替加工",1
"左サイドガード切替加工溶接1本",1
"塗装2色",1
"ステン8ミリボルトASSY20本",1
"右コーナーパネル脱着修正",1
"ブラケット2本取替",1
"カーゴロック取替加工",1
"歯止め入れスプリング修理",1
"ダンパー",1
"リンクブッシュ交換",1
"フロントエアサス交換",1
"左バックランプステイ製作取替",1
"リヤキャブサスベローズ左右交換",1
"左後ろキャッチ取替",1
"左ステンフェンダー研磨仕上げ",1
"センタービーム前後2ヵ所修正折損ボルト取替加工",1
"タンク木箱解体作業",1
"右リヤ枠骨切断鈑金",1
"観音扉コーナーガード脱着鈑金",1
"左リヤフェンダー脱着ブラケット折損修正溶接",1
"チャージパイプ4本取り外し",1
"2本取替",1
"ステイ4本取替",1
"キャブサスベローズ左右取替",1
"サイレンサー2枚",1
"前側ステイ脱着折損修正補強取付溶接",1
"1階右フロアー可動パネルクッションゴム取り付け部製作加工",1
"L曲げ補強製作取付加工溶接2ヵ所",1
"左サンドシュー分解鈑金",1
"中板",1
"右フロント泥よけエプロン脱着曲がり修正",1
"エンジンカバーステイ修正",1
"天井周りコーキング処理",1
"左側ステイ取替",1
"左右当たりゴム取外し加工",1
"ドライバーシートリクライニング取替",1
"右アッパーフェンダー取替",1
"コンテナロックガード取替",1
"左右リアフェンダー脱着",1
"ステー付け替え溶接",1
"右後ろステンウィングキャッチ受け脱着曲がり直し",1
"材料　　トタン",1
"木材",1
"接着剤",1
"ボルト一式",1
"左アウトリガー突っ張りステー取替、",1
"躍場左アルミ縞板鈑金取付加工",1
"コンデンサーステー鈑金亀裂溶接",1
"メンバーサポート鈑金亀裂溶接",1
"サイドパネル引出し修正",1
"左フォグランプ取替",1
"配線",1
"センサー付替え",1
"集合管穴埋め溶接５カ所",1
"ブッシュゴム貼替",1
"左ステップウォール",1
"ステップライト取替",1
"アッパーステップ脱着",1
"CIタップボルト",1
"右アッパーフェンダー脱着",1
"右前ピーラーヒンジ取付部分鈑金修正",1
"リフレクター脱着",1
"ステンテールランプブラケット応急曲がり直し",1
"エキゾーストパイプ前側腐食切断パチ当て加工溶接",1
"シートギヤハンドル脱着分解ロック修理",1
"右フラッシャーランプ取替取付部分修正",1
"作業部下回り塗装",1
"インナーバンパー右側引出し修正",1
"20Aパイプ1本",1
"押え製作取替加工",1
"左アーチゴム取替ステー曲がり直し",1
"センターシート雨漏れ補修",1
"右サイドガードステー2本曲がり直し",1
"5㎜ズック入り平ゴム１枚",1
"右メッキコーナーパネル取替･ストリップゴム取替",1
"左右フレームアウトリガー取り付け部分鈑金補強プレート制作取付溶接",1
"持込み塗料塗装",1
"アルミリヤバンパー",1
"右ステー取替",1
"左ステー脱着修正",1
"左ステン床枠応急曲がり直し",1
"右泥除けステンガード枠折損部修正ステン溶接",1
"プラットホームゴム3本取替加工",1
"テールランプブラケット製作",1
"配線止め移設溶接",1
"右コーナーリングランプ取替取付部分修正",1
"プレート脱着曲がり直し",1
"鳥居前中央可動フックブラケット製作穴掘りボルト止め加工",1
"12㎜ボルトASSY5セット",1
"右ドア蝶番２個取替",1
"ドア脱着",1
"アームプレート取付穴掘りリベット止め加工３ヶ所（6ミリリベット6本込み）",1
"左ドアパネルASSY取替え",1
"バイザーアウターハンドル取替",1
"コーキング材1本",1
"滑車ガイドレール前側上下延長ガイド製作4本",1
"左右ウェザーストリップゴム取替加工",1
"作業部錆止め溶接",1
"左右サイドガード塗装",1
"右観音扉汚れ落とし仕上げ",1
"右踊場",1
"前3番蝶番取替枠骨破損部鈑金補強取付加工",1
"左ドアー建付け調整",1
"ラッシングレール脱着リベット打ち替え加工",1
"左踊場ボルト取替穴掘り加工",1
"ステップライト付替え",1
"右ウィング前油圧シリンダー脱着",1
"下側ピン嚙み込み切断取替加工",1
"コーキング材１本",1
"床面穴埋めステン溶接2ヵ所",1
"左ファーストステップ脱着ブラケット脱着修正",1
"左2番サイドガードステー補強取付加工溶接",1
"左サイドガード15Aパイプ１本取替溶接",1
"左三角リフレクターステー製作リフレクター取付",1
"右ステップ脱着ステー修正",1
"ステー3本腐食部分補強材取付溶接",1
"タイコマフラー後ろブラケット脱着折損部溶接",1
"吊り下げハンガー脱着溶接穴掘り加工",1
"ブッシュ取替",1
"ステー2本取替",1
"社外品燃料タンク脱着",1
"ステー2本脱着亀裂部カット補強材製作取付加工溶接",1
"漏れ点検",1
"反射板穴掘り取替",1
"6ミリリベット6本込み",1
"左サイドガード折損部修正取付溶接３ヶ所",1
"Uボルト固定溶接1ヶ所",1
"左後ろサイドガード取付部分曲がり直し",1
"延長ブラケット脱着鈑金",1
"ジャンパーホース２本取替",1
"左サイドガード3番ステー折損部修正溶接",1
"右工具箱ステー前後2カ所折損部補強取付溶接",1
"スタンション6本切断加工",1
"21ミリ×120ミリ×4500ミリ",1
"6本",1
"アピトン材",1
"フレームバンパー",1
"リヤメンバー下側曲がり直し",1
"ハーネス脱着",1
"エキゾーストパイプ脱着",1
"ボルト切断取替加工（Uボルト取付のため）",1
"スタンションホール取付加工",1
"左右リヤフェンダーステー8本修正",1
"左３ヶ所折損補強取付溶接",1
"ウィング左後ろシリンダー脱着",1
"支柱折損修正溶接",1
"中板２枚脱着",1
"ラッシングレール（UD在庫品）",1
"アピトン材21ミリ",1
"錆止め1本",1
"左右リヤフェンダー取替",1
"右サイドガード前ボルト留め加工",1
"20Aパイプ",1
"1本",1
"リヤエンジンカバーステー折損取付加工溶接",1
"左右ウィングキャッチ受け脱着脱着曲がり直し5個",1
"左フィニッシャー脱着鈑金",1
"折れ込みボルト修理2本",1
"右ドアーストライカー交換",1
"左右リヤ泥除けゴム2枚取替加工",1
"泥除けゴム他車より取外し",1
"ナンバーブラケットボルト切断取替加工",1
"左右キャスターストッパー15㎜切断",1
"コボレーンスイッチボックス取付加工",1
"左フレーム前側修正",1
"20Aパイプ1本（UD在庫品)",1
"リンギ入れ亀裂カット溶接2ヶ所",1
"4×50フラットバー4本（UD在庫）材料",1
"右フレーム亀裂溶接",1
"左煽りキャッチ1個交換",1
"リヤゲート下ステンカバー修正ステン溶接",1
"フロントリッドストッパー取り付け",1
"リッドグリル",1
"ウェザーストリップゴム",1
"リヤエアークッション左右取替",1
"ウィンドシールドロアパネル鈑金",1
"UボルトASSY6本",1
"応急対応",1
"根角ボルトASSY8本",1
"リヤゲート右ヒンジ脱着分解清掃グリスアップ",1
"左右ダンプキャッチブラケット調整肉盛り溶接",1
"バッテリー蓋全面ブッシュ取替加工",1
"インナーシール修正",1
"ドアーストライカー交換",1
"センサー及びブラケット脱着",1
"取付ボルト2本嚙み込み切断取替加工",1
"燃料廃棄作業",1
"バンパーグリルカバー取替",1
"ステップアンダーカバー交換",1
"右ドアバイザー",1
"メッキガーニッシュ取替",1
"鳥居板張り脱着",1
"下側2枚アピトン板張替加工",1
"後ろメンバー曲がり修正",1
"滑車8個",1
"ブロック穴開けアンカー取り付け作業",1
"三角リフレクター左右取替",1
"左ドアー接触面鈑金塗装",1
"工具棚ブラケット台車設計製作塗装一式",1
"インナーリブ2本製作取付加工溶接",1
"ブッシュゴム取替",1
"踊場脱着左右ステー2本製作取付加工",1
"車幅灯取付ボルト折れ込み修理2カ所",1
"左バンパーステー曲がり直し",1
"ステイリフレクター取替え",1
"フォグランプ球取替",1
"テールパイプ取替加工",1
"フラットバー4本（UD在庫品）",1
"サイドバンパー取付部2カ所穴掘り加工12ボルト2本取付（部品代金込み）",1
"左フロントステイブラケット脱着切替加工",1
"左右フェンダー後ろステイ亀裂溶接",1
"左右フェンダーステイ切断取替加工溶接",1
"ベニヤ板",1
"ドリル",1
"丸鋸歯",1
"左アッパーフェンダー交換",1
"左ドアフラッシャー交換",1
"左バンパーフィニッシャー脱着鈑金修理",1
"右側三角リフレクター取替",1
"ドアメッキカバー脱着付替え加工",1
"右三角リフレクターブラケット製作取付加工",1
"左前ウィングキャッチ受け脱着曲がり直しボルト取替加工",1
"バックランプ",1
"テールランプレンズ",1
"反射板交換",1
"左サイドガード曲がり修正",1
"DPFマフラーカバー取り付け溶接ナット切断取替加工4個",1
"ライトステイ曲がり直し",1
"左枠骨腐食部分補強取付枠骨切断鈑金",1
"左コーナーパネル取替修正",1
"右ドアパネルASSY",1
"アドブルータンクステイ修正",1
"マーカーランプ4こ",1
"タイヤ灯",1
"ステップ脱着",1
"サイドガード鈑金塗装",1
"作業部錆止め塗装",1
"作業部分さび止め",1
"赤塗装",1
"右タイヤハウスカバー取替取り付け部分修正",1
"12㎜ボルト8本",1
"枠骨補修塗装",1
"8ミリステンボルト8本",1
"左右フレームステイ折損部分補強製作取付溶接4ヶ所",1
"内装脱着貼替加工",1
"右ロアフェンダー取替",1
"左前床板破損部補強リブ入れ溶接",1
"フレームアウトリガー取り付け部曲がり直し",1
"左リアフェンダーブラケット２本曲がり直し取付フェンダー２枚取替",1
"インナーパネル錆止め塗装",1
"観音扉シャフト応急曲がり直し溶接",1
"ボード",1
"右アッパーステップ取替",1
"ステップウォール取替",1
"右ドアバイザー取替",1
"シャフトカバー脱着",1
"右コボレーンモーター取替",1
"左マットガード脱着",1
"ステップランプ付替え",1
"パネル鈑金",1
"左マッドガード取替修正",1
"8ミリボルトASSY6本",1
"右ステンリヤフェンダー2枚取替加工",1
"右ドアー磨き上げ･看板取外し",1
"1番メンバー切断曲がり直し",1
"反射板移設",1
"右センタープラットホームゴム取替",1
"他ゴム脱着",1
"右前ピラー引出し修正",1
"ステップバンパーASSY取替",1
"アルミセンターカバー脱着鈑金塗装",1
"ウォール取替",1
"リヤ左右ステンフェンダー2枚脱着ステンボルト3本取替",1
"右コーナーパネル応急曲がり直し",1
"ステー折損部取付溶接",1
"セカンドステップ取替",1
"ステップウォール取替取り付け部分修正",1
"2．3ミリコの字折り曲げ材4本",1
"踊場枠骨ナット切断取替加工溶接",1
"後2番蝶番ボルト折れ込み取外し取替加工",1
"コーナーカバー",1
"左ステー取替",1
"右サイドインナーシールパネル引出し鈑金",1
"左ファーストステップ脱着",1
"左床枠塗装",1
"左サイドガード前後15Aパイプ2ヵ所切替溶接",1
"亀裂点検",1
"溶接2ヶ所",1
"左後ろフェンダー取替",1
"泥除けステンボード脱着鈑金",1
"左右マーカーレンズ全部取替",1
"左右フレーム前側修正",1
"左右テールランプ",1
"プラットホームゴム",1
"観音扉ストライカー脱着付替え",1
"スタンションホール取付加工延長ロープ掛け制作取付加工",1
"10Aパイプ1本（UD在庫品）",1
"アピトン材18ミリ",1
"15Aパイプ1本UD在庫品",1
"右コーナーパネル取替修正",1
"ステー製作取り付け加工",1
"アウトリガーハンドル脱着固定補強取付加工",1
"ボデー前フェンダー左右入替",1
"ウィング中板脱着",1
"蝶番ボルト取付加工",1
"コック取替加工",1
"3㎜×30㎜アングル1本（UD在庫）",1
"4×50フラットバー（UD在庫）材料",1
"キャッチ受けボルト取替",1
"リヤゲート右上亀裂ステン溶接",1
"右配線ガード脱着鈑金",1
"ダッシュフロントエンドリーンホースメントパネル鈑金",1
"ツイストロックハンドル取付",1
"リヤゲート亀裂ステンレス溶接",1
"左コボレーン前側隙間スポンジ貼付",1
"ブッシュゴム",1
"左ロアフェンダー交換修正",1
"ミラー一式交換",1
"アンカーボルト",1
"フロントバンパー脱着応急修正",1
"バンパーグリル取替",1
"ナンバー枠交換",1
"ローラー滑り台ブラケット2本切断加工",1
"ステン工具箱脱着亀裂ステン溶接",1
"工具箱曲がり修正",1
"蓋曲がり直し",1
"ドアフラッシャー取替え",1
"ピラー蝶番取り付け部引出し修正",1
"アドブルータンク脱着点検",1
"センサー応急取替",1
"中央メンバー左右亀裂カット補強溶接",1
"ヒンジ交換",1
"応急塗装",1
"左右コネクターホース脱着ステイ2本折損溶接",1
"リヤゲート左締めフック分解清掃",1
"グリスホース取替",1
"25A",1
"20A",1
"15Aパイプ各1本（UD在庫品）",1
"DPFマフラー溶接ボルト3本切断付替え加工",1
"キャッチ交換",1
"左支柱腐食部分切り替え加工溶接",1
"L型補強取付加工溶接",1
"左ステイ取替",1
"取付ブラケット鈑金",1
"エアードライヤー脱着",1
"ステップライト交換",1
"結束バンド",1
"ステイ",1
"モーター取替",1
"反射板脱着曲がり直し",1
"取付部分鈑金",1
"左ロアステップ脱着",1
"右ロアステップ",1
"ステップカバー取替",1
"ステー脱着修正",1
"右ミラーASSY脱着",1
"コボレーンモータープーリー切断取替溶接",1
"左ジャバラパイプガード脱着",1
"右フェンダーカバー傷面取り仕上",1
"エアホース･コネクター･配線･マーカーランプ･フラッシャーランプ脱着",1
"右ドアー応急曲がり直し",1
"右ミラーステー",1
"ドアーフラッシャー取替",1
"建付け調整」",1
"メッキコーナーランプベゼル取替",1
"左右看板ステー2カ所切断取外し加工",1
"右コーナーランプ取替",1
"左ピラー引出し修正",1
"右ジャバラパイプ下側腐食部分溶接",1
"センターシート破損部応急テープ貼付",1
"ブラケット脱着曲がり修正",1
"右サイドインナーシールパネル応急引出し鈑金",1
"左ドア建付け調整",1
"左サイドガードステー1番折損部修正取付溶接",1
"2番3番亀裂溶接",1
"ツッパリパイプ3本折損部修正取付溶接",1
"フラットバー5本別注品です",1
"センタスロットルハンドル取替",1
"ステンボードアングルステンステー穴掘り取替加工",1
"左右チェーン切断",1
"リヤステン枠骨切断取替加工溶接",1
"嚙み込みスタンション切断取外し加工6本",1
"フラットバー４本",1
"UD支給",1
"右ドアー取替",1
"ブレ止めステー製作取り付け",1
"リンギ入れ亀裂溶接4ヶ所",1
"ボデーリヤフェンダー3枚脱着鈑金",1
"8ミリボルトASSY24セット（部品課支給）",1
"錆止め塗料",1
"20Aパイプ2本",1
"15Aパイプ1本（UD支給品）",1
"リレーバルブ清掃取替",1
"左ミラーロアブラケット取り付け部分建て込み修理",1
"右ピラー引出し修正",1
"床板1枚",1
"アルミ板1枚",1
"他ジョルダー折損溶接",1
"工具箱ブラケット脱着",1
"鈑金",1
"アンダーステー取替部品組替",1
"左リヤコンテナブラケット亀裂カット溶接",1
"左ピラーヒンジ取り付け部分引出し鈑金",1
"左右ハンガーブラケット腐食4ヶ所曲げ鋼材製作溶接鈑金修理",1
"エンドカバーインナーバンパーステイ取替修正",1
"フォグカバー付替え",1
"DPFマフラーカバーブラケット腐食部分補強取付溶接",1
"カバー取り付け",1
"ダッシュフロントパネル切断鈑金",1
"塗装作業",1
"左ピラー引出し鈑金",1
"右タイヤハウスカバー",1
"アッパーフェンダー交換",1
"左サイドセンサー付替え",1
"ウェザーストリップゴム交換",1
"ドアー補修塗装",1
"右ステップパネル取替鈑金",1
"コボレーン前側枠骨折損部ステンリブ入れ溶接",1
"右ドアフラッシャー取替",1
"サイド内張",1
"シートベルト脱着",1
"左ロアフェンダー取替",1
"アッパーフェンダー脱着",1
"マーカーランプ2個取替",1
"戸当たりゴム脱着",1
"左右サイドガード4本脱着曲がり直し亀裂溶接",1
"床枠曲がり直し鈑金",1
"右マーカーランプステー脱着鈑金",1
"リヤシート掛けパイプ差込ステンブラケット２個製作穴掘りボルト止め加工",1
"エキゾーストパイプ折損溶接",1
"左バックミラー取替調整",1
"左右サイドガード亀裂溶接2ヵ所",1
"フラッシャーランプ脱着修正",1
"左ステンリヤフェンダー取替",1
"床板腐食部分7カ所切断張替加工",1
"アルミ板張替加工",1
"ステン研磨仕上げ",1
"鳥居フック取付加工",1
"ブラケット曲がり直し鈑金",1
"フェンダーステー2本脱着曲がり直し",1
"ヘッドライトステー鈑金",1
"左コボレーンシート1部脱着",1
"枠骨折損溶接",1
"左ドア前鈑金",1
"スプラッシュゴム交換",1
"右コンテナロック鈑金",1
"リフレクター取替え",1
"アンダーカバー",1
"配線ガード脱着",1
"パイプクランプ脱着加工",1
"フロントリッド左ラッチ取付パネル引出し鈑金",1
"チルドスイッチ曲がり直し",1
"ブレーキユニット",1
"ハンドルカバー",1
"ダンプレバー",1
"ホーン",1
"ワイヤー脱着",1
"左バックミラーアーム交換",1
"ホーン交換",1
"右バンパーステー",1
"右メッキコーナーバンパー",1
"右コーナーカバー取替",1
"左右ブラケット修正",1
"ステップウォール",1
"左メッキコーナーパネル取替",1
"ブラケット取替修正",1
"右センターキャッチASSY脱着分解塗装",1
"スケット脱着塗装",1
"左右サイドガードステー5本曲がり直し",1
"右泥除けゴム",1
"押え",1
"突っ張りステー取替",1
"左右バックランプステー脱着鈑金",1
"左右テールランプレンズ組替取替",1
"右ステー脱着鈑金",1
"リベット止め加工",1
"アッパーフェンダー取替",1
"応急鈑金",1
"床前側ベニヤ板貼り付け",1
"スタンションホール製作加工",1
"左右セカンドステップ脱着",1
"スタンションホールキット（部品）",1
"左インナーシール応急引出し修正",1
"右後ろスケット脱着曲がり直し",1
"ボデー床腐食部分切断",1
"床3面鉄板張り加工ステン溶接",1
"ダム型床面左右腐食部分鉄板張り加工ステン溶接",1
"左メッキバックミラー交換",1
"8ミリUバンド２本",1
"左右ファーストステップ脱着ステイ修正",1
"左右ステップステイ脱着修正",1
"バンパーステイ交換",1
"右ピラー引出し鈑金",1
"左マッドガード取替",1
"右アッパーフェンダー",1
"スプラッシュシールゴム交換",1
"ブレーキペダル脱着修正",1
"左サイドパネル取替加工",1
"インナーパネル鈑金",1
"ガーニッシュ脱着",1
"センターフィニッシャー",1
"右サイドガードステー1本脱着曲がり直し鈑金溶接",1
"ウィングスイッチステー",1
"マーカーランプステー脱着鈑金",1
"横根太曲がり直し",1
"左右フレーム後ろ側修正",1
"ロアフェンダー取替取付部分修正",1
"材料",1
"左右サイドインシールパネル",1
"エアーコンデンサ脱着",1
"ロアフェンダー脱着修正",1
"燃料コック2個取替",1
"左梯子破損部分切断製作切り替え加工溶接",1
"グリルキャッチ交換",1
"リッドワイヤー交換",1
"右インナーシールパネル取替",1
"フロアーパネル",1
"右ピーラー切替",1
"エアーダクト",1
"キャブキャッチ脱着",1
"左フラッシャー取替",1
"他部品付替え修正",1
"りん木入れ曲がり直し修正",1
"床枠右コーナー製作切替",1
"補強板切断鈑金加工",1
"15Aパイプ2本",1
"10Aパイプ１本(UD在庫品）",1
"アピトン25㎜×120㎜×5000㎜",1
"左右ファーストステップ",1
"右アッパーフェンダー脱着修正",1
"リヤバンパー曲がり直し",1
"左前ピラー鈑金",1
"ストリップゴム脱着",1
"サイド内張脱着",1
"グリップ取替",1
"フロアーパネル左後ろ引出し鈑金",1
"左前ピラー引出し鈑金",1
"左前枠骨切断鈑金溶接",1
"コンパネ4×8",1
"パイプ交換のためキャブ脱着",1
"右前ピラー応急引出し鈑金",1
"ロアパネル鈑金",1
"エンドカバー取替",1
"右ピラー切り替え鈑金",1
"左ロープフック曲がり直し",1
"研磨仕上げステンL曲げ鋼板",1
"右ステップパネル応急引出し",1
"左ヘッドライト交換",1
"右インナーシールサイドパネル",1
"スプラッシュボード",1
"ステイ交換鈑金",1
"リーンホースメントパネル切断鈑金",1
"ダッシュフロントメンバー鈑金",1
"右前コンテナロックフレーム曲がり直し鈑金",1
"泥除けゴム2枚",1
"C1タップボルト４００本　部品課支給",1
"ダッシュボード右側脱着",1
"左スプラッシュシールゴム交換",1
"キャブ脱着捻じれ直し",1
"黒･青塗装",1
"左右マッドガード交換",1
"エアーパイプ1本取替",1
"アンテナ",1
"フロントリッド脱着修正",1
"右梯子脱着",1
"青塗料",1
"踊り場",1
"エアタンク3本交換",1
"右サイドガードASSY交換",1
"マーカーステイ付替え鈑金加工",1
"左サイドガード修正",1
"マーカーステイ切断脱着鈑金加工",1
"右リヤフェンダーブラケット交換",1
"戸当たりゴムステイ切断付替え加工",1
"リヤフェンダー取替",1
"ステイ取替取り付け部修正",1
"ドライバーシート肘掛け脱着分解鈑金",1
